url,page_type,inbound_links_from_page_bodies,inbound_links_from_any_page,outbound_internal_links_in_body
/,home,1,173,12
/about/,other,2,173,2
/blog/,other,72,173,74
/blog/4-seater-vs-6-seater-golf-buggies-australia/,guide,16,16,11
/blog/ac-vs-dc-golf-buggy-motors-torque-efficiency-australia/,guide,11,11,13
/blog/best-electric-golf-trolley-brands-australia/,guide,6,6,14
/blog/best-golf-trolley-australia-push-motorized-remote-comparison/,guide,13,13,15
/blog/best-push-golf-buggy-australia-3-wheel-vs-4-wheel-review/,guide,14,14,10
/blog/buying-a-4-seater-golf-buggy-in-australia-rules-and-guide/,guide,26,26,12
/blog/buying-second-hand-golf-carts-in-australia-checklist/,guide,3,3,14
/blog/clicgear-vs-mgi-push-buggy-comparison-australia/,guide,5,5,11
/blog/commercial-utility-golf-buggies-resorts-and-industrial-parks/,guide,19,19,12
/blog/electric-buggy-australia-what-it-means/,guide,4,4,12
/blog/electric-golf-buggy-australia-complete-guide/,guide,2,2,13
/blog/electric-golf-buggy-maintenance-schedule-australia/,guide,3,3,10
/blog/electric-golf-buggy-range-test-one-charge-australia/,guide,16,16,11
/blog/electric-golf-buggy-troubleshooting-and-replacement-parts/,guide,22,22,13
/blog/electric-utility-buggy-price-guide-australia/,guide,14,14,12
/blog/eofy-golf-buggy-deals-australia-buying-guide/,guide,1,1,10
/blog/foldable-golf-buggy-buyers-guide-boot-space-weight/,guide,12,12,10
/blog/golf-buggies-for-caravan-parks-holiday-resorts-australia/,guide,12,12,12
/blog/golf-buggies-for-gated-communities-residential-estates/,guide,14,14,12
/blog/golf-buggies-for-retirement-villages-australia/,guide,1,1,13
/blog/golf-buggies-for-sale-canberra-act/,guide,1,1,12
/blog/golf-buggies-for-schools-campuses-large-venues-australia/,guide,3,3,11
/blog/golf-buggies-for-wineries-vineyards-australia/,guide,12,12,12
/blog/golf-buggy-brakes-explained-australia/,guide,11,11,11
/blog/golf-buggy-chargers-explained-australia/,guide,4,4,10
/blog/golf-buggy-etiquette-course-rules-australia/,guide,1,1,10
/blog/golf-buggy-fleet-purchase-guide-australia/,guide,2,2,11
/blog/golf-buggy-insurance-australia-explained/,guide,2,2,10
/blog/golf-buggy-lighting-street-legal-kits-australia/,guide,4,4,9
/blog/golf-buggy-maintenance-checklist-australian-climates/,guide,16,16,11
/blog/golf-buggy-parts-and-spares-australia-guide/,guide,20,20,8
/blog/golf-buggy-registration-australia-conditional-road-access/,guide,16,16,10
/blog/golf-buggy-seat-covers-and-upholstery-australia/,guide,5,5,7
/blog/golf-buggy-tyres-explained-australia/,guide,10,10,10
/blog/golf-buggy-warranty-australia-explained/,guide,2,2,11
/blog/golf-buggy-windscreens-weather-enclosures-australia/,guide,4,4,10
/blog/golf-buggy-winter-storage-battery-care-australia/,guide,16,16,10
/blog/golf-buggy-with-seat-options-explained-australia/,guide,4,4,7
/blog/golf-caddy-australia-buyers-guide/,guide,3,3,11
/blog/golf-car-vs-golf-buggy-vs-golf-cart-australia/,guide,2,2,11
/blog/golf-cart-finance-options-pay-in-4-vs-crypto-discounts/,guide,1,1,13
/blog/golf-cart-with-remote-control-australia-guide/,guide,2,2,12
/blog/golf-carts-for-sale-adelaide-sa-buyers-guide/,guide,2,2,13
/blog/golf-carts-for-sale-brisbane-buyers-guide/,guide,8,8,12
/blog/golf-carts-for-sale-melbourne-buyers-guide/,guide,4,4,14
/blog/golf-carts-for-sale-perth-wa-buyers-guide/,guide,2,2,13
/blog/golf-carts-for-sale-sydney-nsw-buyers-guide/,guide,2,2,12
/blog/golf-push-cart-vs-electric-trolley-australia/,guide,2,2,10
/blog/heavy-duty-off-road-golf-buggy-rural-acreage-guide/,guide,11,11,12
/blog/how-golf-buggy-ordering-invoicing-delivery-works/,guide,2,2,11
/blog/how-much-does-a-golf-cart-cost-australia/,guide,4,4,14
/blog/how-to-choose-the-right-electric-golf-buggy-in-australia/,guide,23,23,18
/blog/junior-golf-buggy-australia-guide/,guide,3,3,8
/blog/lifted-4x4-golf-carts-acreage-and-farm-performance/,guide,11,11,10
/blog/lithium-battery-conversion-guide-cost-australia/,guide,16,16,12
/blog/lithium-vs-lead-acid-golf-buggy-batteries-australia/,guide,33,33,11
/blog/mgi-golf-buggy-accessories-guide-australia/,guide,21,21,11
/blog/mgi-vs-motocaddy-electric-golf-trolley-australia/,guide,6,6,11
/blog/motorised-vs-push-golf-buggy-health-stamina-benefits/,guide,7,7,11
/blog/must-have-golf-buggy-accessories-and-spares-australia/,guide,23,23,11
/blog/paying-for-a-golf-buggy-in-crypto-btc-usdt-guide/,guide,1,1,11
/blog/petrol-vs-electric-golf-buggy-running-costs-australia/,guide,13,13,12
/blog/powakaddy-vs-mgi-electric-golf-trolley-australia/,guide,5,5,13
/blog/reconditioned-vs-new-golf-buggy-cost-comparison/,guide,8,8,11
/blog/remote-control-golf-buggy-australia-buyers-guide/,guide,15,15,13
/blog/second-hand-golf-buggy-value-guide-australia/,guide,18,18,10
/blog/solar-panels-on-golf-buggies-australia-feasibility-guide/,guide,5,5,11
/blog/trading-in-old-golf-cart-australia/,guide,3,3,10
/blog/transporting-towing-golf-buggy-australia-trailers-tie-downs/,guide,4,4,11
/blog/used-golf-carts-for-sale-australia-what-we-check/,guide,21,21,11
/blog/used-petrol-golf-buggy-prices-australia/,guide,2,2,14
/contact/,other,16,173,0
/crypto-payment/,other,81,173,2
/delivery/,other,79,173,11
/delivery/adelaide/,delivery city,7,173,13
/delivery/brisbane/,delivery city,8,173,13
/delivery/gold-coast/,delivery city,10,173,13
/delivery/melbourne/,delivery city,8,173,13
/delivery/perth/,delivery city,7,173,14
/delivery/sydney/,delivery city,9,173,14
/faq/,other,73,173,1
/shop/,other,157,173,24
/shop/accessories-spare-parts/,category,17,173,24
/shop/accessories-spare-parts/all-terrain-23x10-5-12-wheel-tyre-combo/,product,9,9,12
/shop/accessories-spare-parts/all-weather-heavy-duty-pvc-enclosure/,product,5,5,12
/shop/accessories-spare-parts/curtis-1268-400a-programmable-motor-controller/,product,8,8,12
/shop/accessories-spare-parts/foldable-tinted-acrylic-windshield-system/,product,5,5,12
/shop/accessories-spare-parts/golf-cart-side-mirrors-integrated-led-indicators/,product,4,4,12
/shop/accessories-spare-parts/heavy-duty-4-wheel-hydraulic-disc-brake-kit/,product,10,10,12
/shop/accessories-spare-parts/heavy-duty-rear-flip-seat-kit-2-to-4/,product,8,8,13
/shop/accessories-spare-parts/heavy-duty-sand-bottle-assembly-dual-set/,product,2,2,12
/shop/accessories-spare-parts/heavy-duty-solenoid-albright-48vdc-200a/,product,5,5,12
/shop/accessories-spare-parts/heavy-duty-tow-hitch-ball-assembly/,product,5,5,12
/shop/accessories-spare-parts/lockable-dash-glove-box-storage-system/,product,5,5,12
/shop/accessories-spare-parts/madjax-alpha-lux-street-legal-led-light-kit/,product,4,4,12
/shop/accessories-spare-parts/navitas-600a-ac-controller-upgrade-kit/,product,1,1,12
/shop/accessories-spare-parts/replacement-mgi-ai-zip-remote-controller/,product,9,9,14
/shop/accessories-spare-parts/retractable-seatbelt-system-set/,product,7,7,12
/shop/accessories-spare-parts/waterproof-marine-grade-bluetooth-soundbar/,product,4,4,12
/shop/batteries-chargers/,category,33,173,19
/shop/batteries-chargers/club-car-eric-48v-high-frequency-charger/,product,11,11,13
/shop/batteries-chargers/delta-q-quiq-48v-smart-on-board-charger/,product,5,5,12
/shop/batteries-chargers/eco-battery-48v-105ah-lithium-conversion-kit/,product,3,3,12
/shop/batteries-chargers/golf-cart-solar-charging-panel-expansion-kit/,product,11,11,12
/shop/batteries-chargers/invicta-48v-50ah-lithium-drop-in-module/,product,4,4,13
/shop/batteries-chargers/mgi-24v-lithium-battery-36-hole/,product,11,11,14
/shop/batteries-chargers/roypow-48v-105ah-lithium-battery-pack/,product,3,3,12
/shop/batteries-chargers/roypow-72v-105ah-commercial-lithium-battery/,product,3,3,12
/shop/batteries-chargers/trojan-t-875-8v-deep-cycle-lead-acid-battery/,product,6,6,12
/shop/batteries-chargers/universal-48v-to-12v-30a-voltage-reducer/,product,1,1,12
/shop/brand/,category,21,21,12
/shop/brand/atlas/,brand,15,15,14
/shop/brand/club-car/,brand,31,31,23
/shop/brand/cushman/,brand,7,7,14
/shop/brand/e-z-go/,brand,16,16,21
/shop/brand/evolution/,brand,15,15,18
/shop/brand/lvtong/,brand,12,12,18
/shop/brand/mgi/,brand,28,28,17
/shop/brand/powakaddy/,brand,7,7,12
/shop/brand/robera/,brand,6,6,12
/shop/brand/tara/,brand,11,11,16
/shop/brand/yamaha/,brand,12,12,17
/shop/commercial-utility/,category,21,173,20
/shop/commercial-utility/club-car-carryall-700-electric-utility/,product,10,10,13
/shop/commercial-utility/club-car-transporter-6-commercial/,product,9,9,13
/shop/commercial-utility/evolution-700-heavy-commercial-utility/,product,17,17,13
/shop/commercial-utility/ezgo-cushman-hauler-pro-lithium/,product,18,18,13
/shop/commercial-utility/lvtong-commercial-flatbed-cargo-buggy/,product,9,9,13
/shop/commercial-utility/yamaha-umax-rally-efi-petrol/,product,9,9,13
/shop/electric-golf-buggies/,category,13,173,49
/shop/junior-golf-buggies/,category,2,173,5
/shop/luxury-4-seater/,category,37,173,18
/shop/luxury-4-seater/atlas-4-passenger-lifted-lithium-buggy/,product,48,173,7
/shop/luxury-4-seater/club-car-onward-4-passenger-lithium/,product,18,18,13
/shop/luxury-4-seater/evolution-d5-ranger-4-plus-2/,product,26,26,13
/shop/luxury-4-seater/ezgo-express-l6-lithium/,product,9,9,13
/shop/luxury-4-seater/lvtong-4-seater-resort-cruiser/,product,10,10,13
/shop/luxury-4-seater/tara-roadster-2-plus-2-lifted/,product,19,19,13
/shop/mechanical-petrol/,category,20,173,15
/shop/mechanical-petrol/club-car-carryall-300-petrol/,product,4,4,13
/shop/mechanical-petrol/club-car-tempo-efi-petrol/,product,7,7,13
/shop/mechanical-petrol/cushman-hauler-1200-gas-utility/,product,3,3,13
/shop/mechanical-petrol/ezgo-freedom-rxv-gas/,product,6,6,13
/shop/mechanical-petrol/yamaha-drive2-quiettech-efi-petrol/,product,9,9,13
/shop/mechanical-petrol/yamaha-umax-one-efi-utility/,product,9,9,13
/shop/off-road-4x4/,category,22,173,20
/shop/off-road-4x4/atlas-4-seater-heavy-duty-lifted-350a/,product,10,10,14
/shop/off-road-4x4/club-car-onward-lifted-efi-petrol/,product,13,13,14
/shop/off-road-4x4/evolution-d-max-gt4-off-road/,product,8,8,13
/shop/off-road-4x4/ezgo-express-s4-lifted-high-torque/,product,14,14,13
/shop/off-road-4x4/lvtong-rough-terrain-lifted-buggy/,product,6,6,13
/shop/off-road-4x4/tara-roadster-4-off-road/,product,8,8,13
/shop/traditional-2-seater/,category,19,173,19
/shop/traditional-2-seater/club-car-tempo-lithium-2025/,product,8,8,13
/shop/traditional-2-seater/evolution-classic-2-plus/,product,19,19,13
/shop/traditional-2-seater/ezgo-rxv-elite-lithium/,product,20,20,14
/shop/traditional-2-seater/lvtong-2-passenger-golf-buggy/,product,14,14,13
/shop/traditional-2-seater/tara-spirit-pro-2-seater/,product,14,14,13
/shop/traditional-2-seater/yamaha-drive2-ac-lithium/,product,8,8,13
/shop/walk-behind-buggies/,category,40,173,16
/shop/walk-behind-buggies/mgi-2024-zip-x5-36-hole-lithium/,product,18,18,14
/shop/walk-behind-buggies/mgi-ai-navigator-gps-remote-buggy/,product,9,9,13
/shop/walk-behind-buggies/mgi-zip-navigator-all-terrain/,product,24,24,13
/shop/walk-behind-buggies/mgi-zip-x1-lithium-buggy/,product,17,17,13
/shop/walk-behind-buggies/powakaddy-fx7-gps-lithium/,product,23,23,13
/shop/walk-behind-buggies/robera-pro-follow-remote-golf-buggy/,product,9,9,13
/wholesale/,other,5,173,0
