"blog_no","working_title","slug","lead_intent","role","keyword","intent","monthly_volume","kd"
"1","MGI Zip X1, X3 and X5 explained","mgi-zip-x-series-explained","Informational","primary","mgi zip x5","Informational","170","20"
"1","MGI Zip X1, X3 and X5 explained","mgi-zip-x-series-explained","Informational","secondary","mgi x1","Informational","50","16"
"1","MGI Zip X1, X3 and X5 explained","mgi-zip-x-series-explained","Informational","secondary","mgi x3","Navigational","40",""
"1","MGI Zip X1, X3 and X5 explained","mgi-zip-x-series-explained","Informational","secondary","mgi x5 golf buggy","Informational","30",""
"1","MGI Zip X1, X3 and X5 explained","mgi-zip-x-series-explained","Informational","secondary","mgi x3 golf buggy","Informational","30",""
"1","MGI Zip X1, X3 and X5 explained","mgi-zip-x-series-explained","Informational","secondary","zip x5 electric cart","Navigational","20",""
"1","MGI Zip X1, X3 and X5 explained","mgi-zip-x-series-explained","Informational","tag","mgi x1 buggy","Navigational","20",""
"1","MGI Zip X1, X3 and X5 explained","mgi-zip-x-series-explained","Informational","tag","mgi zip x5 accessories","Navigational","20",""
"1","MGI Zip X1, X3 and X5 explained","mgi-zip-x-series-explained","Informational","tag","mgi zip x3 golf buggy","Navigational","20",""
"1","MGI Zip X1, X3 and X5 explained","mgi-zip-x-series-explained","Informational","tag","mgi zip x3 motorised golf buggy","Navigational","20",""
"1","MGI Zip X1, X3 and X5 explained","mgi-zip-x-series-explained","Informational","tag","mgi x5 buggy","Navigational","20",""
"1","MGI Zip X1, X3 and X5 explained","mgi-zip-x-series-explained","Informational","tag","mgi x5 manual","Informational","20",""
"1","MGI Zip X1, X3 and X5 explained","mgi-zip-x-series-explained","Informational","tag","mgi x5 remote control","Navigational","20",""
"1","MGI Zip X1, X3 and X5 explained","mgi-zip-x-series-explained","Informational","tag","mgi zip x1 manual","Informational","20",""
"1","MGI Zip X1, X3 and X5 explained","mgi-zip-x-series-explained","Informational","tag","mgi zip x5 battery","Navigational","20",""
"1","MGI Zip X1, X3 and X5 explained","mgi-zip-x-series-explained","Informational","tag","mgi zip x5 manual","Informational","20",""
"2","MGI Ai Navigator GPS+ and Ai 500: GPS, app and follow mode explained","mgi-ai-navigator-gps-explained","Informational","primary","mgi navigator ai gps+","Informational","20",""
"2","MGI Ai Navigator GPS+ and Ai 500: GPS, app and follow mode explained","mgi-ai-navigator-gps-explained","Informational","secondary","mgi ai navigator halo","Informational","70","6"
"2","MGI Ai Navigator GPS+ and Ai 500: GPS, app and follow mode explained","mgi-ai-navigator-gps-explained","Informational","secondary","navigator ai","Informational","70","32"
"2","MGI Ai Navigator GPS+ and Ai 500: GPS, app and follow mode explained","mgi-ai-navigator-gps-explained","Informational","secondary","mgi ai500","Informational","30",""
"2","MGI Ai Navigator GPS+ and Ai 500: GPS, app and follow mode explained","mgi-ai-navigator-gps-explained","Informational","secondary","mgi ai 500 electric golf cart","Informational","30",""
"2","MGI Ai Navigator GPS+ and Ai 500: GPS, app and follow mode explained","mgi-ai-navigator-gps-explained","Informational","secondary","mgi ai navigator gps buggy","Navigational","40",""
"2","MGI Ai Navigator GPS+ and Ai 500: GPS, app and follow mode explained","mgi-ai-navigator-gps-explained","Informational","tag","mgi follow me buggy","Informational","30",""
"2","MGI Ai Navigator GPS+ and Ai 500: GPS, app and follow mode explained","mgi-ai-navigator-gps-explained","Informational","tag","mgi navigator gps","Informational","20",""
"2","MGI Ai Navigator GPS+ and Ai 500: GPS, app and follow mode explained","mgi-ai-navigator-gps-explained","Informational","tag","mgi ai gps","Informational","20",""
"2","MGI Ai Navigator GPS+ and Ai 500: GPS, app and follow mode explained","mgi-ai-navigator-gps-explained","Informational","tag","ai navigator gps","Navigational","20",""
"2","MGI Ai Navigator GPS+ and Ai 500: GPS, app and follow mode explained","mgi-ai-navigator-gps-explained","Informational","tag","ai navigator gps+","Navigational","20",""
"2","MGI Ai Navigator GPS+ and Ai 500: GPS, app and follow mode explained","mgi-ai-navigator-gps-explained","Informational","tag","mgi ai 500 electric buggy","Navigational","20",""
"2","MGI Ai Navigator GPS+ and Ai 500: GPS, app and follow mode explained","mgi-ai-navigator-gps-explained","Informational","tag","mgi ai 500 remote","Navigational","20",""
"2","MGI Ai Navigator GPS+ and Ai 500: GPS, app and follow mode explained","mgi-ai-navigator-gps-explained","Informational","tag","mgi ai navigator gps+ app","Informational","20",""
"2","MGI Ai Navigator GPS+ and Ai 500: GPS, app and follow mode explained","mgi-ai-navigator-gps-explained","Informational","tag","mgi ai navigator gps+ manual","Navigational","20",""
"2","MGI Ai Navigator GPS+ and Ai 500: GPS, app and follow mode explained","mgi-ai-navigator-gps-explained","Informational","tag","mgi gps","Informational","20",""
"3","MGI Zip Navigator setup: folding, calibrating and the manual","mgi-zip-navigator-setup-guide","Informational","primary","mgi navigator at manual","Navigational","20",""
"3","MGI Zip Navigator setup: folding, calibrating and the manual","mgi-zip-navigator-setup-guide","Informational","secondary","mgi navigator at","Informational","90","21"
"3","MGI Zip Navigator setup: folding, calibrating and the manual","mgi-zip-navigator-setup-guide","Informational","secondary","mgi zip.navigator","Navigational","40",""
"3","MGI Zip Navigator setup: folding, calibrating and the manual","mgi-zip-navigator-setup-guide","Informational","secondary","mgi all terrain buggy","Navigational","30",""
"3","MGI Zip Navigator setup: folding, calibrating and the manual","mgi-zip-navigator-setup-guide","Informational","secondary","mgi zip navigator parts list","Navigational","30",""
"3","MGI Zip Navigator setup: folding, calibrating and the manual","mgi-zip-navigator-setup-guide","Informational","secondary","zip navigator mgi","Navigational","20",""
"3","MGI Zip Navigator setup: folding, calibrating and the manual","mgi-zip-navigator-setup-guide","Informational","tag","mgi zip at","Navigational","20",""
"3","MGI Zip Navigator setup: folding, calibrating and the manual","mgi-zip-navigator-setup-guide","Informational","tag","mgi zip navigator remote","Navigational","20",""
"3","MGI Zip Navigator setup: folding, calibrating and the manual","mgi-zip-navigator-setup-guide","Informational","tag","mgi zip nav at","Navigational","20",""
"3","MGI Zip Navigator setup: folding, calibrating and the manual","mgi-zip-navigator-setup-guide","Informational","tag","mgi zip navigator at accessories","Navigational","20",""
"3","MGI Zip Navigator setup: folding, calibrating and the manual","mgi-zip-navigator-setup-guide","Informational","tag","mgi zip navigator parts","Navigational","20",""
"3","MGI Zip Navigator setup: folding, calibrating and the manual","mgi-zip-navigator-setup-guide","Informational","tag","mgi zip navigator wheels","Navigational","20",""
"3","MGI Zip Navigator setup: folding, calibrating and the manual","mgi-zip-navigator-setup-guide","Informational","tag","mgi zip navigator spare parts","Navigational","20",""
"3","MGI Zip Navigator setup: folding, calibrating and the manual","mgi-zip-navigator-setup-guide","Informational","tag","mgi zip navigator ai","Navigational","20",""
"3","MGI Zip Navigator setup: folding, calibrating and the manual","mgi-zip-navigator-setup-guide","Informational","tag","mgi zip navigator ai gps","Navigational","20",""
"3","MGI Zip Navigator setup: folding, calibrating and the manual","mgi-zip-navigator-setup-guide","Informational","tag","mgi zip navigator gps","Navigational","20",""
"4","Clicgear 4.0 and Rovic RV1S/RV1C push buggies explained","clicgear-rovic-push-buggies-guide","Informational","primary","clicgear 4.0 manual","Informational","20","5"
"4","Clicgear 4.0 and Rovic RV1S/RV1C push buggies explained","clicgear-rovic-push-buggies-guide","Informational","secondary","rovic rv1c replacement parts","Informational","20","1"
"4","Clicgear 4.0 and Rovic RV1S/RV1C push buggies explained","clicgear-rovic-push-buggies-guide","Informational","secondary","clicgear 4.0 straps","Informational","20","5"
"4","Clicgear 4.0 and Rovic RV1S/RV1C push buggies explained","clicgear-rovic-push-buggies-guide","Informational","secondary","clicgear parts","Navigational","30","6"
"4","Clicgear 4.0 and Rovic RV1S/RV1C push buggies explained","clicgear-rovic-push-buggies-guide","Informational","secondary","bag cozy clicgear","Informational","20","6"
"4","Clicgear 4.0 and Rovic RV1S/RV1C push buggies explained","clicgear-rovic-push-buggies-guide","Informational","secondary","clicgear 2.0 parts","Navigational","20","6"
"4","Clicgear 4.0 and Rovic RV1S/RV1C push buggies explained","clicgear-rovic-push-buggies-guide","Informational","tag","rovic rv1s 2.0 golf push cart","Informational","20","6"
"4","Clicgear 4.0 and Rovic RV1S/RV1C push buggies explained","clicgear-rovic-push-buggies-guide","Informational","tag","clicgear 4.0 brake cable replacement","Informational","20","7"
"4","Clicgear 4.0 and Rovic RV1S/RV1C push buggies explained","clicgear-rovic-push-buggies-guide","Informational","tag","rovic 2.0","Informational","20","7"
"4","Clicgear 4.0 and Rovic RV1S/RV1C push buggies explained","clicgear-rovic-push-buggies-guide","Informational","tag","clicgear 4.0 army brown","Navigational","20","9"
"4","Clicgear 4.0 and Rovic RV1S/RV1C push buggies explained","clicgear-rovic-push-buggies-guide","Informational","tag","rovic rv1c seat","Informational","20","9"
"4","Clicgear 4.0 and Rovic RV1S/RV1C push buggies explained","clicgear-rovic-push-buggies-guide","Informational","tag","rovic rv1s seat","Navigational","20","9"
"4","Clicgear 4.0 and Rovic RV1S/RV1C push buggies explained","clicgear-rovic-push-buggies-guide","Informational","tag","clicgear 4.0 army green","Navigational","20","10"
"4","Clicgear 4.0 and Rovic RV1S/RV1C push buggies explained","clicgear-rovic-push-buggies-guide","Informational","tag","clicgear 4.0 red","Navigational","20","10"
"4","Clicgear 4.0 and Rovic RV1S/RV1C push buggies explained","clicgear-rovic-push-buggies-guide","Informational","tag","clicgear 4.0 pink","Navigational","20","11"
"4","Clicgear 4.0 and Rovic RV1S/RV1C push buggies explained","clicgear-rovic-push-buggies-guide","Informational","tag","clicgear 4.0 release date","Informational","20","12"
"5","MGI buggy accessories guide: phone, umbrella, drink and bag fittings","mgi-buggy-accessories-guide","Informational","primary","mgi phone holder","Informational","170","7"
"5","MGI buggy accessories guide: phone, umbrella, drink and bag fittings","mgi-buggy-accessories-guide","Informational","secondary","mgi umbrella holder","Informational","110","13"
"5","MGI buggy accessories guide: phone, umbrella, drink and bag fittings","mgi-buggy-accessories-guide","Informational","secondary","mgi zip seat","Navigational","40",""
"5","MGI buggy accessories guide: phone, umbrella, drink and bag fittings","mgi-buggy-accessories-guide","Informational","secondary","mgi umbrella extender","Navigational","40",""
"5","MGI buggy accessories guide: phone, umbrella, drink and bag fittings","mgi-buggy-accessories-guide","Informational","secondary","mgi drink holder","Navigational","40",""
"5","MGI buggy accessories guide: phone, umbrella, drink and bag fittings","mgi-buggy-accessories-guide","Informational","secondary","mgi remote clip","Navigational","40",""
"5","MGI buggy accessories guide: phone, umbrella, drink and bag fittings","mgi-buggy-accessories-guide","Informational","tag","mgi bag","Navigational","30",""
"5","MGI buggy accessories guide: phone, umbrella, drink and bag fittings","mgi-buggy-accessories-guide","Informational","tag","mgi zip umbrella holder","Navigational","30",""
"5","MGI buggy accessories guide: phone, umbrella, drink and bag fittings","mgi-buggy-accessories-guide","Informational","tag","mgi zip accessories","Navigational","30",""
"5","MGI buggy accessories guide: phone, umbrella, drink and bag fittings","mgi-buggy-accessories-guide","Informational","tag","mgi umbrella","Navigational","30",""
"5","MGI buggy accessories guide: phone, umbrella, drink and bag fittings","mgi-buggy-accessories-guide","Informational","tag","mgi accessories bag","Navigational","30",""
"5","MGI buggy accessories guide: phone, umbrella, drink and bag fittings","mgi-buggy-accessories-guide","Informational","tag","mgi golf umbrella","Navigational","20",""
"5","MGI buggy accessories guide: phone, umbrella, drink and bag fittings","mgi-buggy-accessories-guide","Informational","tag","mgi umbrella extension","Navigational","30",""
"5","MGI buggy accessories guide: phone, umbrella, drink and bag fittings","mgi-buggy-accessories-guide","Informational","tag","mgi umbrella holder extender","Navigational","30",""
"5","MGI buggy accessories guide: phone, umbrella, drink and bag fittings","mgi-buggy-accessories-guide","Informational","tag","mgi sand bucket holder","Navigational","20",""
"5","MGI buggy accessories guide: phone, umbrella, drink and bag fittings","mgi-buggy-accessories-guide","Informational","tag","mgi cup holder","Navigational","20",""
"6","How to pair and fix an MGI remote","mgi-remote-pairing-guide","Informational","primary","how to pair mgi remote","Informational","20",""
"6","How to pair and fix an MGI remote","mgi-remote-pairing-guide","Informational","secondary","charging mgi remote","Informational","20",""
"6","How to pair and fix an MGI remote","mgi-remote-pairing-guide","Informational","secondary","mg remote battery change","Informational","20",""
"6","How to pair and fix an MGI remote","mgi-remote-pairing-guide","Informational","secondary","mg remote battery replacement","Informational","20",""
"6","How to pair and fix an MGI remote","mgi-remote-pairing-guide","Informational","secondary","how to pair mgi navigator remote","Informational","20",""
"6","How to pair and fix an MGI remote","mgi-remote-pairing-guide","Informational","secondary","mgi zip navigator remote pairing","Navigational","20",""
"6","How to pair and fix an MGI remote","mgi-remote-pairing-guide","Informational","tag","pairing mgi remote","Navigational","20",""
"6","How to pair and fix an MGI remote","mgi-remote-pairing-guide","Informational","tag","how to pair mgi remote to electric golf cart","Informational","20",""
"6","How to pair and fix an MGI remote","mgi-remote-pairing-guide","Informational","tag","how to pair mgi zip navigator remote","Informational","20",""
"6","How to pair and fix an MGI remote","mgi-remote-pairing-guide","Informational","tag","mgi zip navigator remote problems","Informational","20",""
"6","How to pair and fix an MGI remote","mgi-remote-pairing-guide","Informational","tag","mgi zip navigator at remote","Navigational","20",""
"6","How to pair and fix an MGI remote","mgi-remote-pairing-guide","Informational","tag","mgi zip navigator remote charging cable","Navigational","20",""
"6","How to pair and fix an MGI remote","mgi-remote-pairing-guide","Informational","tag","mgi zip navigator remote clip","Navigational","20",""
"6","How to pair and fix an MGI remote","mgi-remote-pairing-guide","Informational","tag","mgi zip navigator remote control charging cable","Navigational","20",""
"6","How to pair and fix an MGI remote","mgi-remote-pairing-guide","Informational","tag","mgi zip x5 remote","Navigational","20",""
"6","How to pair and fix an MGI remote","mgi-remote-pairing-guide","Informational","tag","does the mgi zip x3 have a remote","Informational","20",""
"7","MGI battery and charger guide: charging time, battery life and fixes","mgi-battery-charger-guide","Informational","primary","how long to charge mgi battery","Informational","20",""
"7","MGI battery and charger guide: charging time, battery life and fixes","mgi-battery-charger-guide","Informational","secondary","mgi lithium 24v 380wh battery replacement","Informational","40","7"
"7","MGI battery and charger guide: charging time, battery life and fixes","mgi-battery-charger-guide","Informational","secondary","mg battery replacement","Informational","20",""
"7","MGI battery and charger guide: charging time, battery life and fixes","mgi-battery-charger-guide","Informational","secondary","mgi zip battery","Navigational","30",""
"7","MGI battery and charger guide: charging time, battery life and fixes","mgi-battery-charger-guide","Informational","secondary","charging mgi battery","Informational","20",""
"7","MGI battery and charger guide: charging time, battery life and fixes","mgi-battery-charger-guide","Informational","secondary","golf cart battery charger not working","Informational","20",""
"7","MGI battery and charger guide: charging time, battery life and fixes","mgi-battery-charger-guide","Informational","tag","golf cart charger not working","Informational","20",""
"7","MGI battery and charger guide: charging time, battery life and fixes","mgi-battery-charger-guide","Informational","tag","golf cart charger wont charge","Informational","20",""
"7","MGI battery and charger guide: charging time, battery life and fixes","mgi-battery-charger-guide","Informational","tag","how to check golf cart battery charger","Informational","20",""
"7","MGI battery and charger guide: charging time, battery life and fixes","mgi-battery-charger-guide","Informational","tag","mgi battery charger user manual","Navigational","20",""
"7","MGI battery and charger guide: charging time, battery life and fixes","mgi-battery-charger-guide","Informational","tag","mgi battery fire","Informational","20",""
"7","MGI battery and charger guide: charging time, battery life and fixes","mgi-battery-charger-guide","Informational","tag","mgi battery life","Informational","20",""
"7","MGI battery and charger guide: charging time, battery life and fixes","mgi-battery-charger-guide","Informational","tag","mgi navigator battery replacement","Informational","20",""
"7","MGI battery and charger guide: charging time, battery life and fixes","mgi-battery-charger-guide","Informational","tag","mgi zip navigator battery life","Informational","20",""
"7","MGI battery and charger guide: charging time, battery life and fixes","mgi-battery-charger-guide","Informational","tag","mgi zip navigator charger","Navigational","20",""
"7","MGI battery and charger guide: charging time, battery life and fixes","mgi-battery-charger-guide","Informational","tag","mgi zip x1 battery","Navigational","20",""
"8","MGI golf buggies in Australia: who makes them and what to expect","mgi-golf-buggies-australia-guide","Navigational","primary","mgi golf buggies australia","Navigational","70","20"
"8","MGI golf buggies in Australia: who makes them and what to expect","mgi-golf-buggies-australia-guide","Navigational","secondary","mgi golf","Navigational","1000","28"
"8","MGI golf buggies in Australia: who makes them and what to expect","mgi-golf-buggies-australia-guide","Navigational","secondary","mgi australia","Navigational","390","33"
"8","MGI golf buggies in Australia: who makes them and what to expect","mgi-golf-buggies-australia-guide","Navigational","secondary","mgi golf buggy problems","Informational","40",""
"8","MGI golf buggies in Australia: who makes them and what to expect","mgi-golf-buggies-australia-guide","Navigational","secondary","mgi golf carts","Navigational","210","29"
"8","MGI golf buggies in Australia: who makes them and what to expect","mgi-golf-buggies-australia-guide","Navigational","secondary","mgi golf buggy spare parts","Navigational","30",""
"8","MGI golf buggies in Australia: who makes them and what to expect","mgi-golf-buggies-australia-guide","Navigational","tag","mgi golf trolleys","Navigational","10",""
"8","MGI golf buggies in Australia: who makes them and what to expect","mgi-golf-buggies-australia-guide","Navigational","tag","mgi golf bags australia","Informational","20",""
"8","MGI golf buggies in Australia: who makes them and what to expect","mgi-golf-buggies-australia-guide","Navigational","tag","mgi golf buggy problems forum","Informational","20",""
"8","MGI golf buggies in Australia: who makes them and what to expect","mgi-golf-buggies-australia-guide","Navigational","tag","what is mgi","Informational","20",""
"8","MGI golf buggies in Australia: who makes them and what to expect","mgi-golf-buggies-australia-guide","Navigational","tag","who owns mgi","Navigational","20",""
"8","MGI golf buggies in Australia: who makes them and what to expect","mgi-golf-buggies-australia-guide","Navigational","tag","mgi golf buggy manual","Navigational","20",""
"8","MGI golf buggies in Australia: who makes them and what to expect","mgi-golf-buggies-australia-guide","Navigational","tag","mgi golf buggy warranty","Informational","20",""
"8","MGI golf buggies in Australia: who makes them and what to expect","mgi-golf-buggies-australia-guide","Navigational","tag","mgi golf cart bag","Informational","20",""
"8","MGI golf buggies in Australia: who makes them and what to expect","mgi-golf-buggies-australia-guide","Navigational","tag","mgi golf zip navigator","Navigational","20",""
"8","MGI golf buggies in Australia: who makes them and what to expect","mgi-golf-buggies-australia-guide","Navigational","tag","mgi golf zip navigator electric caddy","Navigational","20",""
"9","MGI spare parts, wheels and warranty: what to know before you buy","mgi-parts-wheels-warranty-guide","Informational","primary","mgi parts","Navigational","30",""
"9","MGI spare parts, wheels and warranty: what to know before you buy","mgi-parts-wheels-warranty-guide","Informational","secondary","mgi navigator wheels","Navigational","20",""
"9","MGI spare parts, wheels and warranty: what to know before you buy","mgi-parts-wheels-warranty-guide","Informational","secondary","mgi navigator manual","Navigational","20",""
"9","MGI spare parts, wheels and warranty: what to know before you buy","mgi-parts-wheels-warranty-guide","Informational","secondary","mgi navigator replacement parts","Informational","20",""
"9","MGI spare parts, wheels and warranty: what to know before you buy","mgi-parts-wheels-warranty-guide","Informational","secondary","mgi navigator spare parts","Navigational","20",""
"9","MGI spare parts, wheels and warranty: what to know before you buy","mgi-parts-wheels-warranty-guide","Informational","secondary","mgi zip navigator all terrain manual","Navigational","20",""
"9","MGI spare parts, wheels and warranty: what to know before you buy","mgi-parts-wheels-warranty-guide","Informational","tag","mgi zip navigator at manual","Informational","20",""
"9","MGI spare parts, wheels and warranty: what to know before you buy","mgi-parts-wheels-warranty-guide","Informational","tag","mgi zip navigator front wheel adjustment","Navigational","20",""
"9","MGI spare parts, wheels and warranty: what to know before you buy","mgi-parts-wheels-warranty-guide","Informational","tag","mgi zip navigator front wheel assembly","Navigational","20",""
"9","MGI spare parts, wheels and warranty: what to know before you buy","mgi-parts-wheels-warranty-guide","Informational","tag","mgi zip navigator front wheel replacement","Informational","20",""
"9","MGI spare parts, wheels and warranty: what to know before you buy","mgi-parts-wheels-warranty-guide","Informational","tag","mgi zip navigator manual","Informational","20",""
"9","MGI spare parts, wheels and warranty: what to know before you buy","mgi-parts-wheels-warranty-guide","Informational","tag","mgi zip navigator parts diagram","Navigational","20",""
"9","MGI spare parts, wheels and warranty: what to know before you buy","mgi-parts-wheels-warranty-guide","Informational","tag","mgi zip navigator problems","Informational","20",""
"9","MGI spare parts, wheels and warranty: what to know before you buy","mgi-parts-wheels-warranty-guide","Informational","tag","mgi zip navigator rear wheel","Navigational","20",""
"9","MGI spare parts, wheels and warranty: what to know before you buy","mgi-parts-wheels-warranty-guide","Informational","tag","mgi zip navigator replacement parts","Informational","20",""
"9","MGI spare parts, wheels and warranty: what to know before you buy","mgi-parts-wheels-warranty-guide","Informational","tag","mgi zip navigator troubleshooting manual","Informational","20",""
"10","MGI Zip Navigator troubleshooting: no power, alignment and maintenance","mgi-zip-navigator-troubleshooting","Informational","primary","mgi zip navigator no power","Navigational","20",""
"10","MGI Zip Navigator troubleshooting: no power, alignment and maintenance","mgi-zip-navigator-troubleshooting","Informational","secondary","mgi navigator reset","Informational","20",""
"10","MGI Zip Navigator troubleshooting: no power, alignment and maintenance","mgi-zip-navigator-troubleshooting","Informational","secondary","mgi zip navigator 2020","Navigational","20",""
"10","MGI Zip Navigator troubleshooting: no power, alignment and maintenance","mgi-zip-navigator-troubleshooting","Informational","secondary","mgi zip navigator 2024","Navigational","20",""
"10","MGI Zip Navigator troubleshooting: no power, alignment and maintenance","mgi-zip-navigator-troubleshooting","Informational","secondary","mgi zip navigator accessories installation","Navigational","20",""
"10","MGI Zip Navigator troubleshooting: no power, alignment and maintenance","mgi-zip-navigator-troubleshooting","Informational","secondary","mgi zip navigator alignment","Navigational","20",""
"10","MGI Zip Navigator troubleshooting: no power, alignment and maintenance","mgi-zip-navigator-troubleshooting","Informational","tag","mgi zip navigator assembly instructions","Informational","20",""
"10","MGI Zip Navigator troubleshooting: no power, alignment and maintenance","mgi-zip-navigator-troubleshooting","Informational","tag","mgi zip navigator at 2024","Navigational","20",""
"10","MGI Zip Navigator troubleshooting: no power, alignment and maintenance","mgi-zip-navigator-troubleshooting","Informational","tag","mgi zip navigator instructions","Informational","20",""
"10","MGI Zip Navigator troubleshooting: no power, alignment and maintenance","mgi-zip-navigator-troubleshooting","Informational","tag","mgi zip navigator maintenance","Navigational","20",""
"10","MGI Zip Navigator troubleshooting: no power, alignment and maintenance","mgi-zip-navigator-troubleshooting","Informational","tag","mgi zip navigator motor controller","Navigational","20",""
"10","MGI Zip Navigator troubleshooting: no power, alignment and maintenance","mgi-zip-navigator-troubleshooting","Informational","tag","mgi zip navigator seat installation","Navigational","20",""
"10","MGI Zip Navigator troubleshooting: no power, alignment and maintenance","mgi-zip-navigator-troubleshooting","Informational","tag","mgi zip navigator troubleshooting","Informational","20",""
"10","MGI Zip Navigator troubleshooting: no power, alignment and maintenance","mgi-zip-navigator-troubleshooting","Informational","tag","mgi zip navigator usb port","Navigational","20",""
"10","MGI Zip Navigator troubleshooting: no power, alignment and maintenance","mgi-zip-navigator-troubleshooting","Informational","tag","mgi zip navigator motor trimming","Navigational","10",""