"guide","intent","question"
"mgi-zip-x-series-explained","I","Do the MGI Zip X1 and X3 have a remote?"
"mgi-zip-x-series-explained","I","How heavy are the Zip X buggies and how much can they carry?"
"mgi-zip-x-series-explained","N","Where can I find the MGI Zip X3 manual and specifications?"
"mgi-zip-x-series-explained","C","MGI Zip X3 or Zip X5: which should I buy?"
"mgi-zip-x-series-explained","T","Where can I buy an MGI Zip X3 in Australia?"
"mgi-ai-navigator-gps-explained","I","How do I register an Ai buggy?"
"mgi-ai-navigator-gps-explained","I","How do I pair the MGI & Sureshot App?"
"mgi-ai-navigator-gps-explained","N","Where do I find MGI's Ai Series FAQs and manuals?"
"mgi-ai-navigator-gps-explained","C","MGI Ai 500 or Ai Navigator GPS+: which suits me?"
"mgi-ai-navigator-gps-explained","T","Where can I buy the MGI Ai Navigator Halo or the Halo Eye in Australia?"
"mgi-zip-navigator-setup-guide","I","How heavy is the Zip Navigator and what can it carry?"
"mgi-zip-navigator-setup-guide","I","Where is the serial number on a Zip buggy?"
"mgi-zip-navigator-setup-guide","N","Where do I find the MGI Zip Navigator manual?"
"mgi-zip-navigator-setup-guide","C","Zip Navigator or Zip Navigator AT: which should I choose?"
"mgi-zip-navigator-setup-guide","T","Where can I buy an MGI Zip Navigator in Australia?"
"clicgear-rovic-push-buggies-guide","I","What is included with the Clicgear Model 4.0?"
"clicgear-rovic-push-buggies-guide","I","How is the Clicgear 4.5 different from the 4.0?"
"clicgear-rovic-push-buggies-guide","N","Where do I find Clicgear and Rovic accessories and official information?"
"clicgear-rovic-push-buggies-guide","C","Clicgear Model 4.0 or Rovic RV1S: which should I buy?"
"clicgear-rovic-push-buggies-guide","T","Where can I buy a Clicgear or Rovic push buggy in Australia?"
"mgi-buggy-accessories-guide","I","Does the MGI phone holder fit the Zip and Ai series?"
"mgi-buggy-accessories-guide","I","What size umbrella handle and bottle do the MGI holders take?"
"mgi-buggy-accessories-guide","N","Where can I see the full MGI accessories range?"
"mgi-buggy-accessories-guide","C","MGI umbrella holder or extender: do I need both?"
"mgi-buggy-accessories-guide","T","Where can I buy MGI accessories in Australia?"
"mgi-remote-pairing-guide","I","How do I pair the Zip Navigator remote?"
"mgi-remote-pairing-guide","I","How do I pair an Ai Navigator GPS+ remote?"
"mgi-remote-pairing-guide","N","Where can I get MGI remote support?"
"mgi-remote-pairing-guide","C","Is it better to replace the remote or the whole buggy?"
"mgi-remote-pairing-guide","T","Where can I buy a replacement MGI remote controller in Australia?"
"mgi-battery-charger-guide","I","How long should I charge a new MGI Zip battery?"
"mgi-battery-charger-guide","I","How should I store an MGI battery over winter?"
"mgi-battery-charger-guide","N","Where can I find MGI's lithium battery FAQs?"
"mgi-battery-charger-guide","C","MGI 250Wh or 299Wh battery: which should I choose?"
"mgi-battery-charger-guide","T","Where can I buy an MGI battery or charger in Australia?"
"mgi-golf-buggies-australia-guide","I","Which MGI buggies have GPS?"
"mgi-golf-buggies-australia-guide","I","Which MGI buggies are remote controlled?"
"mgi-golf-buggies-australia-guide","N","Where can I find MGI's warranty terms and manuals?"
"mgi-golf-buggies-australia-guide","C","MGI or Clicgear: which is better for me?"
"mgi-golf-buggies-australia-guide","T","Where can I buy an MGI golf buggy in Australia?"
"mgi-parts-wheels-warranty-guide","I","Do MGI rear wheels fit every buggy?"
"mgi-parts-wheels-warranty-guide","I","How often should an MGI buggy be serviced?"
"mgi-parts-wheels-warranty-guide","N","Where do I find MGI's warranty terms?"
"mgi-parts-wheels-warranty-guide","C","Should I replace a worn wheel or buy a new buggy?"
"mgi-parts-wheels-warranty-guide","T","Where can I buy MGI rear wheels or wheel covers in Australia?"
"mgi-zip-navigator-troubleshooting","I","Why does my Zip buggy keep turning off?"
"mgi-zip-navigator-troubleshooting","I","Why does my buggy pull to one side?"
"mgi-zip-navigator-troubleshooting","N","Where do I find MGI's Zip Series troubleshooting FAQs?"
"mgi-zip-navigator-troubleshooting","C","Is it worth repairing a Zip buggy or should I replace it?"
"mgi-zip-navigator-troubleshooting","T","Where can I buy a spare battery for my Zip buggy in Australia?"