"target_product","anchor_keyword","intent","source_page","source_type"
"MGI Accessories Bag","mgi accessories","C","/shop/accessories-spare-parts/","category"
"MGI Accessories Bag","mgi golf buggy accessories","T","/shop/brand/mgi/","brand"
"MGI Accessories Bag","golf trolley accessories","C","/blog/mgi-buggy-accessories-guide/","guide"
"MGI Accessories Bag","electric golf trolley accessories","C","/blog/mgi-golf-buggies-australia-guide/","guide"
"MGI Accessories Bag","golf push buggy accessories","C","/blog/mgi-parts-wheels-warranty-guide/","guide"
"MGI Accessories Bag","mgi golf buggy accessories australia","T","/mgi-phone-holder","sibling"
"MGI Lithium 24V 250Wh Battery","mgi battery","T","/shop/batteries-chargers/","category"
"MGI Lithium 24V 250Wh Battery","mgi battery replacement","T","/shop/brand/mgi/","brand"
"MGI Lithium 24V 250Wh Battery","mgi batteries","T","/blog/mgi-battery-charger-guide/","guide"
"MGI Lithium 24V 250Wh Battery","mgi battery box","T","/blog/mgi-golf-buggies-australia-guide/","guide"
"MGI Lithium 24V 250Wh Battery","battery powered golf buggy","C","/blog/mgi-parts-wheels-warranty-guide/","guide"
"MGI Lithium 24V 250Wh Battery","battery operated golf buggy","C","/mgi-2024-zip-24v-250wh-lithium-battery","sibling"
"MGI Phone Holder","golf buggy phone holder","T","/shop/accessories-spare-parts/","category"
"MGI Phone Holder","best phone holder for golf trolley","C","/shop/brand/mgi/","brand"
"MGI Phone Holder","golf trolley iphone holder","C","/blog/mgi-buggy-accessories-guide/","guide"
"MGI Phone Holder","buy mgi phone holder","T","/blog/mgi-golf-buggies-australia-guide/","guide"
"MGI Phone Holder","mgi phone holder for sale","T","/blog/mgi-parts-wheels-warranty-guide/","guide"
"MGI Phone Holder","mgi phone holder price australia","T","/mgi-accessories-bag","sibling"
"MGI ZIP Navigator","mgi zip","T","/shop/walk-behind-buggies/","category"
"MGI ZIP Navigator","mgi zip navigator remote control","C","/shop/brand/mgi/","brand"
"MGI ZIP Navigator","zip navigator","C","/blog/mgi-zip-navigator-setup-guide/","guide"
"MGI ZIP Navigator","mgi navigator golf buggy","T","/blog/mgi-remote-pairing-guide/","guide"
"MGI ZIP Navigator","best remote control golf buggy australia","C","/blog/golf-cart-with-remote-control-australia-guide/","guide"
"MGI ZIP Navigator","electric golf buggy with remote australia","C","/blog/mgi-zip-navigator-troubleshooting/","guide"
"MGI ZIP X3","mgi zip x3","T","/shop/walk-behind-buggies/","category"
"MGI ZIP X3","mgi zip x1 vs x3","C","/shop/brand/mgi/","brand"
"MGI ZIP X3","mgi x3 golf buggy price","T","/blog/mgi-zip-x-series-explained/","guide"
"MGI ZIP X3","mgi zip x3 lithium electric golf caddie","C","/blog/mgi-golf-buggies-australia-guide/","guide"
"MGI ZIP X3","mgi zip x3 lithium electric golf caddy","C","/blog/mgi-zip-navigator-troubleshooting/","guide"
"MGI ZIP X3","mgi zip x3 motorised lithium golf buggy","C","/mgi-ai-500-electric-buggy","sibling"
"Clicgear Model 4.5 Buggy - Black","clicgear 4.5","T","/shop/push-golf-buggies/","category"
"Clicgear Model 4.5 Buggy - Black","buy clicgear 4.5 black","T","/shop/brand/clicgear/","brand"
"Clicgear Model 4.5 Buggy - Black","clicgear 4.5 black for sale","T","/blog/clicgear-rovic-push-buggies-guide/","guide"
"Clicgear Model 4.5 Buggy - Black","clicgear 4.5 black price australia","T","/blog/clicgear-vs-mgi-push-buggy-comparison-australia/","guide"
"Clicgear Model 4.5 Buggy - Black","best price clicgear 4.5 black","T","/blog/golf-push-cart-vs-electric-trolley-australia/","guide"
"Clicgear Model 4.5 Buggy - Black","clicgear 4.5 black online","T","/clicgear-model-4-0-buggy-silver","sibling"
"MGI Ai 500 Electric Buggy","mgi ai 500","T","/shop/walk-behind-buggies/","category"
"MGI Ai 500 Electric Buggy","mgi ai series","T","/shop/brand/mgi/","brand"
"MGI Ai 500 Electric Buggy","mgi ai 500 gps","T","/blog/mgi-ai-navigator-gps-explained/","guide"
"MGI Ai 500 Electric Buggy","mgi ai 500 price","T","/blog/golf-cart-with-remote-control-australia-guide/","guide"
"MGI Ai 500 Electric Buggy","mgi ai 500 vs ai navigator","T","/blog/mgi-golf-buggies-australia-guide/","guide"
"MGI Ai 500 Electric Buggy","mgi ai buggy","T","/mgi-zip-navigator","sibling"
"Clicgear Model 4.0 Buggy - Silver","push buggy","C","/shop/push-golf-buggies/","category"
"Clicgear Model 4.0 Buggy - Silver","clicgear 4.0 best price australia","C","/shop/brand/clicgear/","brand"
"Clicgear Model 4.0 Buggy - Silver","clicgear 4.0 for sale","T","/blog/clicgear-rovic-push-buggies-guide/","guide"
"Clicgear Model 4.0 Buggy - Silver","buy clicgear 4.0","T","/blog/clicgear-vs-mgi-push-buggy-comparison-australia/","guide"
"Clicgear Model 4.0 Buggy - Silver","clicgear 4 wheel","T","/blog/golf-push-cart-vs-electric-trolley-australia/","guide"
"Clicgear Model 4.0 Buggy - Silver","clicgear 4.0 australia","C","/clicgear-model-4-0-buggy-matte-white","sibling"
"MGI Rain Cover","mgi rain cover","C","/shop/accessories-spare-parts/","category"
"MGI Rain Cover","rain cover for golf buggy top","C","/shop/brand/mgi/","brand"
"MGI Rain Cover","buy mgi rain cover","T","/blog/mgi-buggy-accessories-guide/","guide"
"MGI Rain Cover","mgi rain cover for sale","T","/blog/mgi-golf-buggies-australia-guide/","guide"
"MGI Rain Cover","mgi rain cover price australia","T","/blog/mgi-parts-wheels-warranty-guide/","guide"
"MGI Rain Cover","best price mgi rain cover","T","/mgi-seat","sibling"
"Rovic RV1S Swivel 2.0 Buggy - Light Blue","rovic rv1s 2.0","T","/shop/push-golf-buggies/","category"
"Rovic RV1S Swivel 2.0 Buggy - Light Blue","rv1s rovic","C","/shop/brand/rovic/","brand"
"Rovic RV1S Swivel 2.0 Buggy - Light Blue","rovic rv1s swivel golf buggy","T","/blog/clicgear-rovic-push-buggies-guide/","guide"
"Rovic RV1S Swivel 2.0 Buggy - Light Blue","rovic rv1s swivel","T","/blog/clicgear-vs-mgi-push-buggy-comparison-australia/","guide"
"Rovic RV1S Swivel 2.0 Buggy - Light Blue","rovic swivel golf buggy","C","/blog/golf-push-cart-vs-electric-trolley-australia/","guide"
"Rovic RV1S Swivel 2.0 Buggy - Light Blue","rovic 1s","T","/rovic-rv1c-compact-2-0-buggy-silver-black","sibling"
"MGI Lithium 24v Smart Charger - Ai and Zip Series","mgi battery charger","C","/shop/batteries-chargers/","category"
"MGI Lithium 24v Smart Charger - Ai and Zip Series","mgi charger","C","/shop/brand/mgi/","brand"
"MGI Lithium 24v Smart Charger - Ai and Zip Series","mgi battery charger replacement","C","/blog/mgi-battery-charger-guide/","guide"
"MGI Lithium 24v Smart Charger - Ai and Zip Series","electric golf trolley battery charger","C","/blog/mgi-golf-buggies-australia-guide/","guide"
"MGI Lithium 24v Smart Charger - Ai and Zip Series","golf buggy battery charger","C","/blog/mgi-parts-wheels-warranty-guide/","guide"
"MGI Lithium 24v Smart Charger - Ai and Zip Series","golf battery charger","T","/mgi-fireproof-charging-box","sibling"
"MGI Drink Bottle Holder","golf buggy drink holder","T","/shop/accessories-spare-parts/","category"
"MGI Drink Bottle Holder","golf trolley bottle holder","C","/shop/brand/mgi/","brand"
"MGI Drink Bottle Holder","golf trolley cup holder","C","/blog/mgi-buggy-accessories-guide/","guide"
"MGI Drink Bottle Holder","golf trolley drinks holder","C","/blog/mgi-golf-buggies-australia-guide/","guide"
"MGI Drink Bottle Holder","universal golf trolley drinks holder","C","/blog/mgi-parts-wheels-warranty-guide/","guide"
"MGI Drink Bottle Holder","golf trolley wine bottle holder","C","/mgi-zip-series-gps-holder","sibling"
"MGI Seat","mgi seat","T","/shop/accessories-spare-parts/","category"
"MGI Seat","push golf buggy with seat","C","/shop/brand/mgi/","brand"
"MGI Seat","electric golf buggy with seat","C","/blog/mgi-buggy-accessories-guide/","guide"
"MGI Seat","single seat golf buggies","C","/blog/mgi-golf-buggies-australia-guide/","guide"
"MGI Seat","single seat golf buggy for sale","T","/blog/mgi-parts-wheels-warranty-guide/","guide"
"MGI Seat","single seat golf buggy accessories","C","/mgi-rain-cover","sibling"
"Clicgear Soft Seat Cover","clicgear seat","C","/shop/accessories-spare-parts/","category"
"Clicgear Soft Seat Cover","clicgear 4.0 seat","C","/shop/brand/clicgear/","brand"
"Clicgear Soft Seat Cover","golf buggy seat covers australia","C","/blog/clicgear-rovic-push-buggies-guide/","guide"
"Clicgear Soft Seat Cover","golf buggy seat cover padded","C","/blog/clicgear-vs-mgi-push-buggy-comparison-australia/","guide"
"Clicgear Soft Seat Cover","golf buggy seat covers dry","C","/blog/mgi-buggy-accessories-guide/","guide"
"Clicgear Soft Seat Cover","buy clicgear soft seat cover","T","/mgi-zip-navigator","complement"
"MGI Ai Navigator Halo","mgi navigator halo","T","/shop/walk-behind-buggies/","category"
"MGI Ai Navigator Halo","mgi golf ai navigator halo price","T","/blog/mgi-ai-navigator-gps-explained/","guide"
"MGI Ai Navigator Halo","mgi navigator halo price details","T","/blog/golf-cart-with-remote-control-australia-guide/","guide"
"MGI Ai Navigator Halo","buy mgi ai navigator halo","T","/blog/mgi-golf-buggies-australia-guide/","guide"
"MGI Ai Navigator Halo","mgi ai navigator halo for sale","T","/mgi-zip-navigator","sibling"
"MGI Ai Navigator Halo","mgi ai navigator halo price australia","T","/mgi-ai-500-electric-buggy","sibling"
"Clicgear Model 4.0 Buggy - Matte White","clicgear model 4.0","T","/shop/push-golf-buggies/","category"
"Clicgear Model 4.0 Buggy - Matte White","clicgear model 4 buggy","T","/shop/brand/clicgear/","brand"
"Clicgear Model 4.0 Buggy - Matte White","clicgear 4.0 price","T","/blog/clicgear-rovic-push-buggies-guide/","guide"
"Clicgear Model 4.0 Buggy - Matte White","clicgear 4.0 best price","C","/blog/clicgear-vs-mgi-push-buggy-comparison-australia/","guide"
"Clicgear Model 4.0 Buggy - Matte White","clicgear 4 vs 8","C","/blog/golf-push-cart-vs-electric-trolley-australia/","guide"
"Clicgear Model 4.0 Buggy - Matte White","clicgear 4.0 golf trolley","T","/clicgear-model-4-0-buggy-silver","sibling"
"Clicgear Model 4.0 Buggy - Soft Pink","golf three wheel trolley","C","/shop/push-golf-buggies/","category"
"Clicgear Model 4.0 Buggy - Soft Pink","electric golf push buggy","C","/shop/brand/clicgear/","brand"
"Clicgear Model 4.0 Buggy - Soft Pink","3 wheel electric golf buggy","C","/blog/clicgear-rovic-push-buggies-guide/","guide"
"Clicgear Model 4.0 Buggy - Soft Pink","3 wheel golf trolly","C","/blog/clicgear-vs-mgi-push-buggy-comparison-australia/","guide"
"Clicgear Model 4.0 Buggy - Soft Pink","3 wheel push golf trolley","C","/blog/golf-push-cart-vs-electric-trolley-australia/","guide"
"Clicgear Model 4.0 Buggy - Soft Pink","3 wheel ride on golf buggy","C","/clicgear-model-4-0-buggy-silver","sibling"
"MGI Rear Wheels","golf trolley wheels","C","/shop/accessories-spare-parts/","category"
"MGI Rear Wheels","golf buggy wheels for sale","T","/blog/mgi-parts-wheels-warranty-guide/","guide"
"MGI Rear Wheels","golf buggy mag wheels","C","/blog/mgi-buggy-accessories-guide/","guide"
"MGI Rear Wheels","mgi wheel replacement","T","/blog/mgi-golf-buggies-australia-guide/","guide"
"MGI Rear Wheels","mgi buggy wheels","T","/mgi-seat","sibling"
"MGI Rear Wheels","big wheel golf buggy accessories","C","/mgi-rain-cover","sibling"
"MGI E-Boost - Black","mgi e boost golf buggy","T","/shop/walk-behind-buggies/","category"
"MGI E-Boost - Black","buy mgi e-boost black","T","/blog/golf-push-cart-vs-electric-trolley-australia/","guide"
"MGI E-Boost - Black","mgi e-boost black for sale","T","/blog/mgi-golf-buggies-australia-guide/","guide"
"MGI E-Boost - Black","mgi e-boost black price australia","T","/blog/mgi-parts-wheels-warranty-guide/","guide"
"MGI E-Boost - Black","best price mgi e-boost black","T","/mgi-e-boost-navy","sibling"
"MGI E-Boost - Black","mgi e-boost black online","T","/mgi-e-boost-white","sibling"
"Clicgear Model 4.0 Buggy - Teal","three wheel electric golf buggy","C","/shop/push-golf-buggies/","category"
"Clicgear Model 4.0 Buggy - Teal","3 wheel golf buggy for sale","T","/shop/brand/clicgear/","brand"
"Clicgear Model 4.0 Buggy - Teal","push golf trolley sale","T","/blog/clicgear-rovic-push-buggies-guide/","guide"
"Clicgear Model 4.0 Buggy - Teal","3 wheel golf caddy","C","/blog/clicgear-vs-mgi-push-buggy-comparison-australia/","guide"
"Clicgear Model 4.0 Buggy - Teal","3 wheel golf trolley sale","T","/blog/golf-push-cart-vs-electric-trolley-australia/","guide"
"Clicgear Model 4.0 Buggy - Teal","3 wheeler golf trolley","C","/clicgear-model-4-0-buggy-silver","sibling"
"Rovic RV1C Compact 2.0 Buggy - Silver/Black","rovic rv1c compact","C","/shop/push-golf-buggies/","category"
"Rovic RV1C Compact 2.0 Buggy - Silver/Black","rv1c rovic","C","/shop/brand/rovic/","brand"
"Rovic RV1C Compact 2.0 Buggy - Silver/Black","rovic compact","T","/blog/clicgear-rovic-push-buggies-guide/","guide"
"Rovic RV1C Compact 2.0 Buggy - Silver/Black","rovic golf buggy rv1c","T","/blog/clicgear-vs-mgi-push-buggy-comparison-australia/","guide"
"Rovic RV1C Compact 2.0 Buggy - Silver/Black","rv1c golf trolley","T","/blog/golf-push-cart-vs-electric-trolley-australia/","guide"
"Rovic RV1C Compact 2.0 Buggy - Silver/Black","rovic rv1c 2.0","T","/rovic-rv1s-swivel-2-0-buggy-light-blue","sibling"
"MGI 2024 Zip 24V 250Wh Lithium Battery","mgi zip navigator at battery","T","/shop/batteries-chargers/","category"
"MGI 2024 Zip 24V 250Wh Lithium Battery","mgi zip navigator battery charging","T","/blog/mgi-battery-charger-guide/","guide"
"MGI 2024 Zip 24V 250Wh Lithium Battery","mgi zip navigator battery replacement","C","/blog/mgi-parts-wheels-warranty-guide/","guide"
"MGI 2024 Zip 24V 250Wh Lithium Battery","mgi zip navigator remote control battery replacement","T","/mgi-lithium-24v-250wh-battery","sibling"
"MGI 2024 Zip 24V 250Wh Lithium Battery","mgi zip battery replacement","T","/mgi-2024-zip-24v-299wh-lithium-battery","sibling"
"MGI 2024 Zip 24V 250Wh Lithium Battery","mgi zip x1 2024 lithium battery motorised buggy reviews","C","/mgi-lithium-12v-299wh-battery","sibling"
"MGI Lithium 12v 299Wh BATTERY","12 volt golf buggy batteries","C","/shop/batteries-chargers/","category"
"MGI Lithium 12v 299Wh BATTERY","12v golf trolley battery","C","/blog/mgi-battery-charger-guide/","guide"
"MGI Lithium 12v 299Wh BATTERY","12v 20ah golf trolley battery","C","/blog/mgi-parts-wheels-warranty-guide/","guide"
"MGI Lithium 12v 299Wh BATTERY","12v 26ah golf trolley battery","C","/mgi-2024-zip-24v-299wh-lithium-battery","sibling"
"MGI Lithium 12v 299Wh BATTERY","12v golf buggy mgi lite lithium batteries","C","/mgi-lithium-24v-13ah-battery","sibling"
"MGI Lithium 12v 299Wh BATTERY","golf buggy battery 12v 22 amp hours","C","/mgi-lithium-24v-250wh-battery","sibling"
"MGI E Series Charger","mgi 24v lithium battery charger","T","/shop/batteries-chargers/","category"
"MGI E Series Charger","mgi golf buggy battery charger","T","/blog/mgi-battery-charger-guide/","guide"
"MGI E Series Charger","mgi lithium 24v 380wh battery charger","T","/blog/mgi-parts-wheels-warranty-guide/","guide"
"MGI E Series Charger","mgi lithium battery charger","T","/mgi-fireproof-charging-box","sibling"
"MGI E Series Charger","mgi zip battery charger","T","/mgi-lithium-24v-smart-charger-ai-and-zip-series","sibling"
"MGI E Series Charger","mgi zip navigator battery charger","T","/mgi-lithium-24v-250wh-battery","sibling"
"MGI Cooler Bag","mgi zip navigator cooler bag","T","/shop/accessories-spare-parts/","category"
"MGI Cooler Bag","buy mgi cooler bag","T","/blog/mgi-buggy-accessories-guide/","guide"
"MGI Cooler Bag","mgi cooler bag for sale","T","/mgi-telescopic-umbrella","sibling"
"MGI Cooler Bag","mgi cooler bag price australia","T","/mgi-phone-holder","sibling"
"MGI Cooler Bag","best price mgi cooler bag","T","/mgi-accessories-bag","sibling"
"MGI Cooler Bag","mgi cooler bag online","T","/mgi-umbrella-holder","sibling"
"MGI Fireproof Charging Box","mgi charging box","C","/shop/batteries-chargers/","category"
"MGI Fireproof Charging Box","buy mgi fireproof charging box","T","/blog/mgi-battery-charger-guide/","guide"
"MGI Fireproof Charging Box","mgi fireproof charging box for sale","T","/mgi-lithium-24v-smart-charger-ai-and-zip-series","sibling"
"MGI Fireproof Charging Box","mgi fireproof charging box price australia","T","/mgi-e-series-charger","sibling"
"MGI Fireproof Charging Box","best price mgi fireproof charging box","T","/mgi-lithium-24v-250wh-battery","sibling"
"MGI Fireproof Charging Box","mgi fireproof charging box online","T","/mgi-2024-zip-24v-250wh-lithium-battery","sibling"
"Rovic RV1C/1S Seat","rovic seat","C","/shop/brand/rovic/","brand"
"Rovic RV1C/1S Seat","rovic golf buggy seat","T","/blog/clicgear-rovic-push-buggies-guide/","guide"
"Rovic RV1C/1S Seat","buy rovic rv1c rv1s seat","T","/blog/clicgear-vs-mgi-push-buggy-comparison-australia/","guide"
"Rovic RV1C/1S Seat","rovic rv1c rv1s seat for sale","T","/blog/mgi-buggy-accessories-guide/","guide"
"Rovic RV1C/1S Seat","rovic rv1c rv1s seat price australia","T","/mgi-zip-navigator","complement"
"Rovic RV1C/1S Seat","best price rovic rv1c rv1s seat","T","/mgi-ai-500-electric-buggy","complement"
"MGI Zip Series GPS Holder","golf buggy gps holder","C","/blog/mgi-buggy-accessories-guide/","guide"
"MGI Zip Series GPS Holder","golf trolley gps holder","C","/mgi-drink-bottle-holder","sibling"
"MGI Zip Series GPS Holder","golf caddy gps holder","C","/mgi-umbrella-holder-extender","sibling"
"MGI Zip Series GPS Holder","universal gps holder for golf trolley","C","/mgi-wheel-covers","sibling"
"MGI Zip Series GPS Holder","mgi navigator accessories gps holder","C","/mgi-scorecard-holder","sibling"
"MGI Zip Series GPS Holder","buy mgi zip series gps holder","T","/mgi-multipurpose-hook","sibling"
"MGI E-Boost - Navy","buy mgi e-boost navy","T","/shop/walk-behind-buggies/","category"
"MGI E-Boost - Navy","mgi e-boost navy for sale","T","/blog/golf-push-cart-vs-electric-trolley-australia/","guide"
"MGI E-Boost - Navy","mgi e-boost navy price australia","T","/mgi-e-boost-black","sibling"
"MGI E-Boost - Navy","best price mgi e-boost navy","T","/mgi-e-boost-white","sibling"
"MGI E-Boost - Navy","mgi e-boost navy online","T","/mgi-zip-x3","sibling"
"MGI E-Boost - Navy","order mgi e-boost navy","T","/mgi-ai-500-electric-buggy","sibling"
"MGI E-Boost - White","buy mgi e-boost white","T","/shop/walk-behind-buggies/","category"
"MGI E-Boost - White","mgi e-boost white for sale","T","/blog/golf-push-cart-vs-electric-trolley-australia/","guide"
"MGI E-Boost - White","mgi e-boost white price australia","T","/mgi-e-boost-black","sibling"
"MGI E-Boost - White","best price mgi e-boost white","T","/mgi-e-boost-navy","sibling"
"MGI E-Boost - White","mgi e-boost white online","T","/mgi-zip-x3","sibling"
"MGI E-Boost - White","order mgi e-boost white","T","/mgi-ai-navigator-halo","sibling"
"MGI Lithium 24v 13Ah Battery","buy mgi lithium 24v 13ah battery","T","/shop/batteries-chargers/","category"
"MGI Lithium 24v 13Ah Battery","mgi lithium 24v 13ah battery for sale","T","/blog/mgi-battery-charger-guide/","guide"
"MGI Lithium 24v 13Ah Battery","mgi lithium 24v 13ah battery price australia","T","/mgi-2024-zip-24v-299wh-lithium-battery","sibling"
"MGI Lithium 24v 13Ah Battery","best price mgi lithium 24v 13ah battery","T","/mgi-lithium-12v-299wh-battery","sibling"
"MGI Lithium 24v 13Ah Battery","mgi lithium 24v 13ah battery online","T","/mgi-2024-zip-24v-250wh-lithium-battery","sibling"
"MGI Lithium 24v 13Ah Battery","order mgi lithium 24v 13ah battery","T","/mgi-lithium-24v-smart-charger-ai-and-zip-series","sibling"
"MGI 2024 Zip 24V 299Wh Lithium Battery","buy mgi 2024 zip 24v 299wh lithium battery","T","/shop/batteries-chargers/","category"
"MGI 2024 Zip 24V 299Wh Lithium Battery","mgi 2024 zip 24v 299wh lithium battery for sale","T","/blog/mgi-battery-charger-guide/","guide"
"MGI 2024 Zip 24V 299Wh Lithium Battery","mgi 2024 zip 24v 299wh lithium battery price australia","T","/mgi-lithium-12v-299wh-battery","sibling"
"MGI 2024 Zip 24V 299Wh Lithium Battery","best price mgi 2024 zip 24v 299wh lithium battery","T","/mgi-lithium-24v-13ah-battery","sibling"
"MGI 2024 Zip 24V 299Wh Lithium Battery","mgi 2024 zip 24v 299wh lithium battery online","T","/mgi-2024-zip-24v-250wh-lithium-battery","sibling"
"MGI 2024 Zip 24V 299Wh Lithium Battery","order mgi 2024 zip 24v 299wh lithium battery","T","/mgi-lithium-24v-smart-charger-ai-and-zip-series","sibling"
"MGI Umbrella Holder","buy mgi umbrella holder","T","/blog/mgi-buggy-accessories-guide/","guide"
"MGI Umbrella Holder","mgi umbrella holder for sale","T","/mgi-phone-holder","sibling"
"MGI Umbrella Holder","mgi umbrella holder price australia","T","/mgi-accessories-bag","sibling"
"MGI Umbrella Holder","best price mgi umbrella holder","T","/mgi-scorecard-holder","sibling"
"MGI Umbrella Holder","mgi umbrella holder online","T","/mgi-umbrella-holder-extender","sibling"
"MGI Umbrella Holder","order mgi umbrella holder","T","/mgi-zip-series-gps-holder","sibling"
"MGI Umbrella Holder Extender","buy mgi umbrella holder extender","T","/blog/mgi-buggy-accessories-guide/","guide"
"MGI Umbrella Holder Extender","mgi umbrella holder extender for sale","T","/mgi-scorecard-holder","sibling"
"MGI Umbrella Holder Extender","mgi umbrella holder extender price australia","T","/mgi-zip-series-gps-holder","sibling"
"MGI Umbrella Holder Extender","best price mgi umbrella holder extender","T","/mgi-drink-bottle-holder","sibling"
"MGI Umbrella Holder Extender","mgi umbrella holder extender online","T","/mgi-wheel-covers","sibling"
"MGI Umbrella Holder Extender","order mgi umbrella holder extender","T","/mgi-umbrella-holder","sibling"
"MGI Telescopic Umbrella","buy mgi telescopic umbrella","T","/mgi-cooler-bag","sibling"
"MGI Telescopic Umbrella","mgi telescopic umbrella for sale","T","/mgi-phone-holder","sibling"
"MGI Telescopic Umbrella","mgi telescopic umbrella price australia","T","/mgi-accessories-bag","sibling"
"MGI Telescopic Umbrella","best price mgi telescopic umbrella","T","/mgi-umbrella-holder","sibling"
"MGI Telescopic Umbrella","mgi telescopic umbrella online","T","/mgi-travel-bag","sibling"
"MGI Telescopic Umbrella","order mgi telescopic umbrella","T","/mgi-scorecard-holder","sibling"
"MGI Multipurpose Hook","buy mgi multipurpose hook","T","/mgi-wheel-covers","sibling"
"MGI Multipurpose Hook","mgi multipurpose hook for sale","T","/mgi-drink-bottle-holder","sibling"
"MGI Multipurpose Hook","mgi multipurpose hook price australia","T","/mgi-zip-series-gps-holder","sibling"
"MGI Multipurpose Hook","best price mgi multipurpose hook","T","/mgi-umbrella-holder-extender","sibling"
"MGI Multipurpose Hook","mgi multipurpose hook online","T","/mgi-umbrella-holder","sibling"
"MGI Multipurpose Hook","order mgi multipurpose hook","T","/mgi-telescopic-umbrella","sibling"
"MGI Scorecard Holder","buy mgi scorecard holder","T","/mgi-umbrella-holder-extender","sibling"
"MGI Scorecard Holder","mgi scorecard holder for sale","T","/mgi-drink-bottle-holder","sibling"
"MGI Scorecard Holder","mgi scorecard holder price australia","T","/mgi-wheel-covers","sibling"
"MGI Scorecard Holder","best price mgi scorecard holder","T","/mgi-multipurpose-hook","sibling"
"MGI Scorecard Holder","mgi scorecard holder online","T","/mgi-telescopic-umbrella","sibling"
"MGI Scorecard Holder","order mgi scorecard holder","T","/mgi-cooler-bag","sibling"
"MGI Wheel Covers","golf trolley hedgehog wheel covers","C","/mgi-multipurpose-hook","sibling"
"MGI Wheel Covers","golf trolley studded wheel covers","C","/mgi-telescopic-umbrella","sibling"
"MGI Wheel Covers","buy mgi wheel covers","T","/mgi-cooler-bag","sibling"
"MGI Wheel Covers","mgi wheel covers for sale","T","/mgi-travel-bag","sibling"
"MGI Wheel Covers","mgi wheel covers price australia","T","/mgi-rear-wheels","sibling"
"MGI Wheel Covers","best price mgi wheel covers","T","/mgi-seat","sibling"
"MGI Travel Bag","buy mgi travel bag","T","/mgi-cooler-bag","sibling"
"MGI Travel Bag","mgi travel bag for sale","T","/mgi-rear-wheels","sibling"
"MGI Travel Bag","mgi travel bag price australia","T","/mgi-seat","sibling"
"MGI Travel Bag","best price mgi travel bag","T","/mgi-rain-cover","sibling"
"MGI Travel Bag","mgi travel bag online","T","/mgi-multipurpose-hook","sibling"
"MGI Travel Bag","order mgi travel bag","T","/mgi-halo-eye","sibling"
"MGI Halo Eye","buy mgi halo eye","T","/blog/mgi-ai-navigator-gps-explained/","guide"
"MGI Halo Eye","mgi halo eye for sale","T","/blog/golf-cart-with-remote-control-australia-guide/","guide"
"MGI Halo Eye","mgi halo eye price australia","T","/mgi-rain-cover","sibling"
"MGI Halo Eye","best price mgi halo eye","T","/mgi-rear-wheels","sibling"
"MGI Halo Eye","mgi halo eye online","T","/mgi-travel-bag","sibling"
"MGI Halo Eye","order mgi halo eye","T","/mgi-ai-navigator-halo","complement"