"category","sub_category","brand","product_name","folder","image_files","image_count","batch"
"Golf buggies","Electric (remote / GPS) buggies","MGI","MGI Ai Navigator GPS+ Electric Buggy - Navy","Products (45)/Golf buggies/MGI Ai Navigator GPS+ Electric Buggy - Navy","MGI Ai Navigator GPS+ Electric Buggy - Navy - 01.webp | MGI Ai Navigator GPS+ Electric Buggy - Navy - 02.webp | MGI Ai Navigator GPS+ Electric Buggy - Navy - 03.webp | MGI Ai Navigator GPS+ Electric Buggy - Navy - 04.webp","4","1"
"Golf buggies","Electric (remote / GPS) buggies","MGI","MGI Ai Navigator Halo","Products (45)/Golf buggies/MGI Ai Navigator Halo","MGI Ai Navigator Halo - 01.webp | MGI Ai Navigator Halo - 02.webp | MGI Ai Navigator Halo - 03.webp | MGI Ai Navigator Halo - 04.webp","4","1"
"Golf buggies","Electric (remote / GPS) buggies","MGI","MGI Ai 500 Electric Buggy","Products (45)/Golf buggies/MGI Ai 500 Electric Buggy","MGI Ai 500 Electric Buggy - 01.webp | MGI Ai 500 Electric Buggy - 02.webp | MGI Ai 500 Electric Buggy - 03.webp | MGI Ai 500 Electric Buggy - 04.webp","4","1"
"Golf buggies","Push / pull buggies","Clicgear","Clicgear Model 4.0 Buggy - Soft Pink","Products (45)/Golf buggies/Clicgear Model 4.0 Buggy - Soft Pink","Clicgear Model 4.0 Buggy - Soft Pink - 01.webp | Clicgear Model 4.0 Buggy - Soft Pink - 02.webp | Clicgear Model 4.0 Buggy - Soft Pink - 03.webp | Clicgear Model 4.0 Buggy - Soft Pink - 04.webp","4","1"
"Golf buggies","Push / pull buggies","Clicgear","Clicgear Model 4.5 Buggy - Black","Products (45)/Golf buggies/Clicgear Model 4.5 Buggy - Black","Clicgear Model 4.5 Buggy - Black - 01.webp | Clicgear Model 4.5 Buggy - Black - 02.webp | Clicgear Model 4.5 Buggy - Black - 03.webp | Clicgear Model 4.5 Buggy - Black - 04.webp","4","1"
"Golf buggies","Push / pull buggies","Clicgear","Clicgear Model 4.0 Buggy - Matte White","Products (45)/Golf buggies/Clicgear Model 4.0 Buggy - Matte White","Clicgear Model 4.0 Buggy - Matte White - 01.webp","1","1"
"Golf buggies","Push / pull buggies","MGI","MGI E-Boost - Black","Products (45)/Golf buggies/MGI E-Boost - Black","MGI E-Boost - Black - 01.webp | MGI E-Boost - Black - 02.webp | MGI E-Boost - Black - 03.webp | MGI E-Boost - Black - 04.webp","4","1"
"Golf buggies","Push / pull buggies","MGI","MGI E-Boost - Navy","Products (45)/Golf buggies/MGI E-Boost - Navy","MGI E-Boost - Navy - 01.webp | MGI E-Boost - Navy - 02.webp | MGI E-Boost - Navy - 03.webp | MGI E-Boost - Navy - 04.webp","4","1"
"Golf buggies","Push / pull buggies","MGI","MGI E-Boost - White","Products (45)/Golf buggies/MGI E-Boost - White","MGI E-Boost - White - 01.webp | MGI E-Boost - White - 02.webp | MGI E-Boost - White - 03.webp | MGI E-Boost - White - 04.webp","4","1"
"Golf buggies","Electric (remote / GPS) buggies","MGI","MGI Zip Navigator AT - Navy","Products (45)/Golf buggies/MGI Zip Navigator AT - Navy","MGI Zip Navigator AT - Navy - 01.webp | MGI Zip Navigator AT - Navy - 02.webp | MGI Zip Navigator AT - Navy - 03.webp | MGI Zip Navigator AT - Navy - 04.webp","4","1"
"Golf buggies","Push / pull buggies","Clicgear","Clicgear Model 4.0 Buggy - Silver","Products (45)/Golf buggies/Clicgear Model 4.0 Buggy - Silver","Clicgear Model 4.0 Buggy - Silver - 01.webp | Clicgear Model 4.0 Buggy - Silver - 02.webp","2","1"
"Golf buggies","Push / pull buggies","Clicgear","Clicgear Model 4.0 Buggy - Teal","Products (45)/Golf buggies/Clicgear Model 4.0 Buggy - Teal","Clicgear Model 4.0 Buggy - Teal - 01.webp | Clicgear Model 4.0 Buggy - Teal - 02.webp","2","1"
"Golf buggies","Electric (remote / GPS) buggies","MGI","MGI ZIP X1","Products (45)/Golf buggies/MGI ZIP X1","MGI ZIP X1 - 01.png | MGI ZIP X1 - 02.png","2","2"
"Golf buggies","Electric (remote / GPS) buggies","MGI","MGI ZIP X3","Products (45)/Golf buggies/MGI ZIP X3","MGI ZIP X3 - 01.png | MGI ZIP X3 - 02.png","2","2"
"Golf buggies","Electric (remote / GPS) buggies","MGI","MGI ZIP X5","Products (45)/Golf buggies/MGI ZIP X5","MGI ZIP X5 - 01.png | MGI ZIP X5 - 02.png","2","2"
"Golf buggies","Electric (remote / GPS) buggies","MGI","MGI ZIP Navigator","Products (45)/Golf buggies/MGI ZIP Navigator","MGI ZIP Navigator - 01.png | MGI ZIP Navigator - 02.png","2","2"
"Golf buggies","Push / pull buggies","Rovic (Clicgear)","Rovic RV1S Swivel 2.0 Buggy - Light Blue","Products (45)/Golf buggies/Rovic RV1S Swivel 2.0 Buggy - Light Blue","Rovic RV1S Swivel 2.0 Buggy - Light Blue - 01.webp","1","2"
"Golf buggies","Push / pull buggies","Rovic (Clicgear)","Rovic RV1C Compact 2.0 Buggy - Silver-Black","Products (45)/Golf buggies/Rovic RV1C Compact 2.0 Buggy - Silver-Black","Rovic RV1C Compact 2.0 Buggy - Silver-Black - 01.jpg","1","2"
"Batteries","Lithium 24V batteries","MGI","MGI Ai GPS+ 24V 380WH Lithium Battery","Products (45)/Batteries/MGI Ai GPS+ 24V 380WH Lithium Battery","MGI Ai GPS+ 24V 380WH Lithium Battery - 01.png | MGI Ai GPS+ 24V 380WH Lithium Battery - 02.png","2","2"
"Batteries","Lithium 24V batteries","MGI","MGI 2024 Zip 24V 299Wh Lithium Battery","Products (45)/Batteries/MGI 2024 Zip 24V 299Wh Lithium Battery","MGI 2024 Zip 24V 299Wh Lithium Battery - 01.png","1","2"
"Batteries","Lithium 24V batteries","MGI","MGI 2024 Zip 24V 250Wh Lithium Battery","Products (45)/Batteries/MGI 2024 Zip 24V 250Wh Lithium Battery","MGI 2024 Zip 24V 250Wh Lithium Battery - 01.png","1","2"
"Batteries","Lithium 12V batteries","MGI","MGI Lithium 12v 299Wh BATTERY","Products (45)/Batteries/MGI Lithium 12v 299Wh BATTERY","MGI Lithium 12v 299Wh BATTERY - 01.png","1","2"
"Batteries","Lithium 24V batteries","MGI","MGI Lithium 24V 250Wh Battery","Products (45)/Batteries/MGI Lithium 24V 250Wh Battery","MGI Lithium 24V 250Wh Battery - 01.jpg","1","2"
"Batteries","Lithium 24V batteries","MGI","MGI Lithium 24v 13Ah Battery","Products (45)/Batteries/MGI Lithium 24v 13Ah Battery","MGI Lithium 24v 13Ah Battery - 01.jpg","1","2"
"Chargers","Battery chargers","MGI","MGI Lithium 24v Smart Charger - Ai and Zip Series","Products (45)/Chargers/MGI Lithium 24v Smart Charger - Ai and Zip Series","MGI Lithium 24v Smart Charger - Ai and Zip Series - 01.png","1","2"
"Chargers","Battery chargers","MGI","MGI E Series Charger","Products (45)/Chargers/MGI E Series Charger","MGI E Series Charger - 01.png","1","2"
"Accessories","Charging safety","MGI","MGI Fireproof Charging Box","Products (45)/Accessories/MGI Fireproof Charging Box","MGI Fireproof Charging Box - 01.png | MGI Fireproof Charging Box - 02.png","2","2"
"Accessories","Electronics and remote","MGI","MGI Halo Eye","Products (45)/Accessories/MGI Halo Eye","MGI Halo Eye - 01.jpg | MGI Halo Eye - 02.jpg","2","2"
"Accessories","Weather protection","MGI","MGI Rain Cover","Products (45)/Accessories/MGI Rain Cover","MGI Rain Cover - 01.png","1","2"
"Accessories","Seats and seat covers","MGI","MGI Seat","Products (45)/Accessories/MGI Seat","MGI Seat - 01.png","1","2"
"Accessories","Seats and seat covers","Clicgear","Clicgear Soft Seat Cover","Products (45)/Accessories/Clicgear Soft Seat Cover","Clicgear Soft Seat Cover - 01.jpg","1","2"
"Accessories","Seats and seat covers","Rovic (Clicgear)","Rovic RV1C-1S Seat","Products (45)/Accessories/Rovic RV1C-1S Seat","Rovic RV1C-1S Seat - 01.jpg","1","2"
"Accessories","Holders and mounts","MGI","MGI Phone Holder","Products (45)/Accessories/MGI Phone Holder","MGI Phone Holder - 01.png","1","2"
"Accessories","Holders and mounts","MGI","MGI Zip Series GPS Holder","Products (45)/Accessories/MGI Zip Series GPS Holder","MGI Zip Series GPS Holder - 01.png","1","2"
"Accessories","Holders and mounts","MGI","MGI Umbrella Holder","Products (45)/Accessories/MGI Umbrella Holder","MGI Umbrella Holder - 01.png","1","2"
"Accessories","Holders and mounts","MGI","MGI Telescopic Umbrella","Products (45)/Accessories/MGI Telescopic Umbrella","MGI Telescopic Umbrella - 01.png","1","2"
"Accessories","Bags and coolers","MGI","MGI Cooler Bag","Products (45)/Accessories/MGI Cooler Bag","MGI Cooler Bag - 01.png","1","2"
"Accessories","Wheels and wheel covers","MGI","MGI Wheel Covers","Products (45)/Accessories/MGI Wheel Covers","MGI Wheel Covers - 01.png","1","2"
"Accessories","Wheels and wheel covers","MGI","MGI Rear Wheels","Products (45)/Accessories/MGI Rear Wheels","MGI Rear Wheels - 01.png","1","2"
"Accessories","Bags and coolers","MGI","MGI Travel Bag","Products (45)/Accessories/MGI Travel Bag","MGI Travel Bag - 01.png","1","2"
"Accessories","Holders and mounts","MGI","MGI Multipurpose Hook","Products (45)/Accessories/MGI Multipurpose Hook","MGI Multipurpose Hook - 01.png","1","2"
"Accessories","Holders and mounts","MGI","MGI Drink Bottle Holder","Products (45)/Accessories/MGI Drink Bottle Holder","MGI Drink Bottle Holder - 01.png","1","2"
"Accessories","Holders and mounts","MGI","MGI Umbrella Holder Extender","Products (45)/Accessories/MGI Umbrella Holder Extender","MGI Umbrella Holder Extender - 01.png","1","2"
"Accessories","Bags and coolers","MGI","MGI Accessories Bag","Products (45)/Accessories/MGI Accessories Bag","MGI Accessories Bag - 01.png","1","2"
"Accessories","Holders and mounts","MGI","MGI Scorecard Holder","Products (45)/Accessories/MGI Scorecard Holder","MGI Scorecard Holder - 01.png","1","2"