"category","product","tag_no","tag","source"
"Golf buggies","MGI Ai Navigator GPS+ Electric Buggy - Navy","1","mgi ai navigator gps+ navy australia","generated"
"Golf buggies","MGI Ai Navigator GPS+ Electric Buggy - Navy","2","mgi ai navigator gps+ navy delivery australia","generated"
"Golf buggies","MGI Ai Navigator GPS+ Electric Buggy - Navy","3","mgi ai navigator gps+ navy best price","generated"
"Golf buggies","MGI Ai Navigator GPS+ Electric Buggy - Navy","4","mgi ai navigator gps+ navy order online","generated"
"Golf buggies","MGI Ai Navigator GPS+ Electric Buggy - Navy","5","mgi ai navigator gps+ navy deal","generated"
"Golf buggies","MGI Ai Navigator GPS+ Electric Buggy - Navy","6","mgi ai navigator gps+ navy in stock","generated"
"Golf buggies","MGI Ai Navigator GPS+ Electric Buggy - Navy","7","shop mgi ai navigator gps+ navy","generated"
"Golf buggies","MGI Zip Navigator AT - Navy","1","mgi zip navigator accessories","new export (SEMrush)"
"Golf buggies","MGI Zip Navigator AT - Navy","2","mgi zip navigator australia","new export (SEMrush)"
"Golf buggies","MGI Zip Navigator AT - Navy","3","mgi zip navigator all terrain 2024 motorised golf buggy","new export (SEMrush)"
"Golf buggies","MGI Zip Navigator AT - Navy","4","mgi zip navigator best price","new export (SEMrush)"
"Golf buggies","MGI Zip Navigator AT - Navy","5","mgi zip navigator all terrain accessories","new export (SEMrush)"
"Golf buggies","MGI Zip Navigator AT - Navy","6","mgi zip navigator golf buggy","new export (SEMrush)"
"Golf buggies","MGI Zip Navigator AT - Navy","7","mgi zip navigator accessories australia","new export (SEMrush)"
"Golf buggies","MGI ZIP Navigator","1","mgi navigator ai","new export (SEMrush)"
"Golf buggies","MGI ZIP Navigator","2","mgi navigator accessories","new export (SEMrush)"
"Golf buggies","MGI ZIP Navigator","3","mgi navigator remote","new export (SEMrush)"
"Golf buggies","MGI ZIP Navigator","4","mgi navigator ai gps","new export (SEMrush)"
"Golf buggies","MGI ZIP Navigator","5","mgi navigator remote control","new export (SEMrush)"
"Golf buggies","MGI ZIP Navigator","6","mgi navigator remote control charging","new export (SEMrush)"
"Golf buggies","MGI ZIP Navigator","7","mgi navigator ai gps+ review","new export (SEMrush)"
"Golf buggies","MGI Ai 500 Electric Buggy","1","mgi ai 500 review","new export (SEMrush)"
"Golf buggies","MGI Ai 500 Electric Buggy","2","mgi ai golf buggy","new export (SEMrush)"
"Golf buggies","MGI Ai 500 Electric Buggy","3","mgi ai 500 australia","generated"
"Golf buggies","MGI Ai 500 Electric Buggy","4","mgi ai 500 delivery australia","generated"
"Golf buggies","MGI Ai 500 Electric Buggy","5","mgi ai 500 best price","generated"
"Golf buggies","MGI Ai 500 Electric Buggy","6","mgi ai 500 order online","generated"
"Golf buggies","MGI Ai 500 Electric Buggy","7","mgi ai 500 deal","generated"
"Golf buggies","MGI Ai Navigator Halo","1","mgi ai navigator halo australia","generated"
"Golf buggies","MGI Ai Navigator Halo","2","mgi ai navigator halo delivery australia","generated"
"Golf buggies","MGI Ai Navigator Halo","3","mgi ai navigator halo best price","generated"
"Golf buggies","MGI Ai Navigator Halo","4","mgi ai navigator halo order online","generated"
"Golf buggies","MGI Ai Navigator Halo","5","mgi ai navigator halo deal","generated"
"Golf buggies","MGI Ai Navigator Halo","6","mgi ai navigator halo in stock","generated"
"Golf buggies","MGI Ai Navigator Halo","7","shop mgi ai navigator halo","generated"
"Golf buggies","MGI ZIP X5","1","mgi x5 review","new export (SEMrush)"
"Golf buggies","MGI ZIP X5","2","mgi zip x5 for sale","new export (SEMrush)"
"Golf buggies","MGI ZIP X5","3","mgi zip x5 price","new export (SEMrush)"
"Golf buggies","MGI ZIP X5","4","mgi zip x5 reviews","new export (SEMrush)"
"Golf buggies","MGI ZIP X5","5","mgi zip x5 battery replacement","keyword bank (SEMrush)"
"Golf buggies","MGI ZIP X5","6","mgi zip x5 lithium electric golf trolley","keyword bank (SEMrush)"
"Golf buggies","MGI ZIP X5","7","mgi zip x5 australia","generated"
"Golf buggies","MGI ZIP X3","1","mgi x3 review","new export (SEMrush)"
"Golf buggies","MGI ZIP X3","2","mgi zip x3 review","new export (SEMrush)"
"Golf buggies","MGI ZIP X3","3","mgi zip x3 battery replacement","keyword bank (SEMrush)"
"Golf buggies","MGI ZIP X3","4","mgi zip x3 best price","keyword bank (SEMrush)"
"Golf buggies","MGI ZIP X3","5","mgi zip x3 buggy price","keyword bank (SEMrush)"
"Golf buggies","MGI ZIP X3","6","mgi zip x3 lithium electric trolley","keyword bank (SEMrush)"
"Golf buggies","MGI ZIP X3","7","mgi zip x3 australia","generated"
"Golf buggies","MGI ZIP X1","1","mgi x1 review","new export (SEMrush)"
"Golf buggies","MGI ZIP X1","2","mgi zip x1 lithium electric golf trolley reviews","keyword bank (SEMrush)"
"Golf buggies","MGI ZIP X1","3","mgi zip x1 motorised lithium golf buggy","keyword bank (SEMrush)"
"Golf buggies","MGI ZIP X1","4","mgi zip x1 36 hole lithium","keyword bank (SEMrush)"
"Golf buggies","MGI ZIP X1","5","mgi zip x1 best price","keyword bank (SEMrush)"
"Golf buggies","MGI ZIP X1","6","mgi zip x1 electric trolley","keyword bank (SEMrush)"
"Golf buggies","MGI ZIP X1","7","mgi zip x1 for sale","keyword bank (SEMrush)"
"Golf buggies","MGI E-Boost - Black","1","mgi golf buggy electric","new export (SEMrush)"
"Golf buggies","MGI E-Boost - Black","2","mgi golf trolley","new export (SEMrush)"
"Golf buggies","MGI E-Boost - Black","3","mgi buggy with remote","new export (SEMrush)"
"Golf buggies","MGI E-Boost - Black","4","electric mgi buggy","new export (SEMrush)"
"Golf buggies","MGI E-Boost - Black","5","mgi trolleys","new export (SEMrush)"
"Golf buggies","MGI E-Boost - Black","6","mgi golf buggy with remote","new export (SEMrush)"
"Golf buggies","MGI E-Boost - Black","7","best mgi golf buggy","new export (SEMrush)"
"Golf buggies","MGI E-Boost - Navy","1","mgi buggy for sale","new export (SEMrush)"
"Golf buggies","MGI E-Boost - Navy","2","mgi buggy remote","new export (SEMrush)"
"Golf buggies","MGI E-Boost - Navy","3","mgi buggy seat","new export (SEMrush)"
"Golf buggies","MGI E-Boost - Navy","4","mgi golf buggy prices","new export (SEMrush)"
"Golf buggies","MGI E-Boost - Navy","5","mgi golf buggy review","new export (SEMrush)"
"Golf buggies","MGI E-Boost - Navy","6","mgi golf buggy seat","new export (SEMrush)"
"Golf buggies","MGI E-Boost - Navy","7","mgi golf buggy spares","new export (SEMrush)"
"Golf buggies","MGI E-Boost - White","1","mgi golf buggy wheels","new export (SEMrush)"
"Golf buggies","MGI E-Boost - White","2","battery for mgi golf buggy","new export (SEMrush)"
"Golf buggies","MGI E-Boost - White","3","mgi golf trolley review","new export (SEMrush)"
"Golf buggies","MGI E-Boost - White","4","mgi buggy prices","keyword bank (SEMrush)"
"Golf buggies","MGI E-Boost - White","5","mgi buggy review","keyword bank (SEMrush)"
"Golf buggies","MGI E-Boost - White","6","mgi golf buggy comparison","keyword bank (SEMrush)"
"Golf buggies","MGI E-Boost - White","7","mgi golf buggy for sale australia","keyword bank (SEMrush)"
"Golf buggies","Clicgear Model 4.5 Buggy - Black","1","clicgear","new export (SEMrush)"
"Golf buggies","Clicgear Model 4.5 Buggy - Black","2","clicgear golf buggies","new export (SEMrush)"
"Golf buggies","Clicgear Model 4.5 Buggy - Black","3","clicgear buggy accessories","new export (SEMrush)"
"Golf buggies","Clicgear Model 4.5 Buggy - Black","4","clic gear buggy","new export (SEMrush)"
"Golf buggies","Clicgear Model 4.5 Buggy - Black","5","clicgear 4.0 accessories","new export (SEMrush)"
"Golf buggies","Clicgear Model 4.5 Buggy - Black","6","buy clicgear buggy","new export (SEMrush)"
"Golf buggies","Clicgear Model 4.5 Buggy - Black","7","clicgear 4.0 silver","new export (SEMrush)"
"Golf buggies","Clicgear Model 4.0 Buggy - Silver","1","best clicgear accessories","new export (SEMrush)"
"Golf buggies","Clicgear Model 4.0 Buggy - Silver","2","clicgear 4.0 accessories australia","new export (SEMrush)"
"Golf buggies","Clicgear Model 4.0 Buggy - Silver","3","clic buggy","new export (SEMrush)"
"Golf buggies","Clicgear Model 4.0 Buggy - Silver","4","clicgear 4.0 black","new export (SEMrush)"
"Golf buggies","Clicgear Model 4.0 Buggy - Silver","5","clicgear buggies","new export (SEMrush)"
"Golf buggies","Clicgear Model 4.0 Buggy - Silver","6","buy clicgear","new export (SEMrush)"
"Golf buggies","Clicgear Model 4.0 Buggy - Silver","7","clic gear","new export (SEMrush)"
"Golf buggies","Clicgear Model 4.0 Buggy - Matte White","1","clic golf trolley","new export (SEMrush)"
"Golf buggies","Clicgear Model 4.0 Buggy - Matte White","2","clic golf buggy","new export (SEMrush)"
"Golf buggies","Clicgear Model 4.0 Buggy - Matte White","3","clicgear 4.0 blue","new export (SEMrush)"
"Golf buggies","Clicgear Model 4.0 Buggy - Matte White","4","clicgear 4.0 review","new export (SEMrush)"
"Golf buggies","Clicgear Model 4.0 Buggy - Matte White","5","clicgear 4.0 matte white australia","generated"
"Golf buggies","Clicgear Model 4.0 Buggy - Matte White","6","clicgear 4.0 matte white delivery australia","generated"
"Golf buggies","Clicgear Model 4.0 Buggy - Matte White","7","clicgear 4.0 matte white best price","generated"
"Golf buggies","Clicgear Model 4.0 Buggy - Soft Pink","1","clicgear 4.0 soft pink australia","generated"
"Golf buggies","Clicgear Model 4.0 Buggy - Soft Pink","2","clicgear 4.0 soft pink delivery australia","generated"
"Golf buggies","Clicgear Model 4.0 Buggy - Soft Pink","3","clicgear 4.0 soft pink best price","generated"
"Golf buggies","Clicgear Model 4.0 Buggy - Soft Pink","4","clicgear 4.0 soft pink order online","generated"
"Golf buggies","Clicgear Model 4.0 Buggy - Soft Pink","5","clicgear 4.0 soft pink deal","generated"
"Golf buggies","Clicgear Model 4.0 Buggy - Soft Pink","6","clicgear 4.0 soft pink in stock","generated"
"Golf buggies","Clicgear Model 4.0 Buggy - Soft Pink","7","shop clicgear 4.0 soft pink","generated"
"Golf buggies","Clicgear Model 4.0 Buggy - Teal","1","clicgear 4.0 teal australia","generated"
"Golf buggies","Clicgear Model 4.0 Buggy - Teal","2","clicgear 4.0 teal delivery australia","generated"
"Golf buggies","Clicgear Model 4.0 Buggy - Teal","3","clicgear 4.0 teal best price","generated"
"Golf buggies","Clicgear Model 4.0 Buggy - Teal","4","clicgear 4.0 teal order online","generated"
"Golf buggies","Clicgear Model 4.0 Buggy - Teal","5","clicgear 4.0 teal deal","generated"
"Golf buggies","Clicgear Model 4.0 Buggy - Teal","6","clicgear 4.0 teal in stock","generated"
"Golf buggies","Clicgear Model 4.0 Buggy - Teal","7","shop clicgear 4.0 teal","generated"
"Golf buggies","Rovic RV1S Swivel 2.0 Buggy - Light Blue","1","rovic golf buggy accessories","new export (SEMrush)"
"Golf buggies","Rovic RV1S Swivel 2.0 Buggy - Light Blue","2","rovic rv1c accessories","new export (SEMrush)"
"Golf buggies","Rovic RV1S Swivel 2.0 Buggy - Light Blue","3","rovic golf trolley accessories","new export (SEMrush)"
"Golf buggies","Rovic RV1S Swivel 2.0 Buggy - Light Blue","4","rovic accessories","new export (SEMrush)"
"Golf buggies","Rovic RV1S Swivel 2.0 Buggy - Light Blue","5","rovic rv1s accessories","new export (SEMrush)"
"Golf buggies","Rovic RV1S Swivel 2.0 Buggy - Light Blue","6","rovic buggy accessories","new export (SEMrush)"
"Golf buggies","Rovic RV1S Swivel 2.0 Buggy - Light Blue","7","rovic golf buggy australia","new export (SEMrush)"
"Golf buggies","Rovic RV1C Compact 2.0 Buggy - SilverBlack","1","rovic golf trolley","new export (SEMrush)"
"Golf buggies","Rovic RV1C Compact 2.0 Buggy - SilverBlack","2","rovic buggy","new export (SEMrush)"
"Golf buggies","Rovic RV1C Compact 2.0 Buggy - SilverBlack","3","rovic","new export (SEMrush)"
"Golf buggies","Rovic RV1C Compact 2.0 Buggy - SilverBlack","4","rovic 2.0 golf buggy","new export (SEMrush)"
"Golf buggies","Rovic RV1C Compact 2.0 Buggy - SilverBlack","5","golf buggy rovic","new export (SEMrush)"
"Golf buggies","Rovic RV1C Compact 2.0 Buggy - SilverBlack","6","rovic golf buggies","new export (SEMrush)"
"Golf buggies","Rovic RV1C Compact 2.0 Buggy - SilverBlack","7","rovic golf","new export (SEMrush)"
"Batteries","MGI Lithium 24v 13Ah Battery","1","golf buggy battery replacement price","keyword bank (SEMrush)"
"Batteries","MGI Lithium 24v 13Ah Battery","2","electric golf buggy battery","keyword bank (SEMrush)"
"Batteries","MGI Lithium 24v 13Ah Battery","3","mgi golf battery","new export (SEMrush)"
"Batteries","MGI Lithium 24v 13Ah Battery","4","battery golf buggy for sale","keyword bank (SEMrush)"
"Batteries","MGI Lithium 24v 13Ah Battery","5","golf trolley battery","keyword bank (SEMrush)"
"Batteries","MGI Lithium 24v 13Ah Battery","6","mgi lithium battery","new export (SEMrush)"
"Batteries","MGI Lithium 24v 13Ah Battery","7","mgi 12v lithium battery charger","new export (SEMrush)"
"Batteries","MGI Lithium 24V 250Wh Battery","1","mgi battery charging time","new export (SEMrush)"
"Batteries","MGI Lithium 24V 250Wh Battery","2","mgi battery replacement price","new export (SEMrush)"
"Batteries","MGI Lithium 24V 250Wh Battery","3","mgi golf batteries","new export (SEMrush)"
"Batteries","MGI Lithium 24V 250Wh Battery","4","mgi remote battery","new export (SEMrush)"
"Batteries","MGI Lithium 24V 250Wh Battery","5","mgi remote battery replacement","new export (SEMrush)"
"Batteries","MGI Lithium 24V 250Wh Battery","6","battery buggy price","keyword bank (SEMrush)"
"Batteries","MGI Lithium 24V 250Wh Battery","7","battery operated golf trolley","keyword bank (SEMrush)"
"Batteries","MGI 2024 Zip 24V 250Wh Lithium Battery","1","battery powered golf trolley","keyword bank (SEMrush)"
"Batteries","MGI 2024 Zip 24V 250Wh Lithium Battery","2","electric golf trolley battery","keyword bank (SEMrush)"
"Batteries","MGI 2024 Zip 24V 250Wh Lithium Battery","3","electric golf trolley with lithium battery","keyword bank (SEMrush)"
"Batteries","MGI 2024 Zip 24V 250Wh Lithium Battery","4","golf battery car","keyword bank (SEMrush)"
"Batteries","MGI 2024 Zip 24V 250Wh Lithium Battery","5","golf trolley battery charger","keyword bank (SEMrush)"
"Batteries","MGI 2024 Zip 24V 250Wh Lithium Battery","6","golf trolley battery replacement","keyword bank (SEMrush)"
"Batteries","MGI 2024 Zip 24V 250Wh Lithium Battery","7","battery golf buggies australia","keyword bank (SEMrush)"
"Batteries","MGI 2024 Zip 24V 299Wh Lithium Battery","1","battery golf trolleys for sale","keyword bank (SEMrush)"
"Batteries","MGI 2024 Zip 24V 299Wh Lithium Battery","2","battery powered golf buggies for sale","keyword bank (SEMrush)"
"Batteries","MGI 2024 Zip 24V 299Wh Lithium Battery","3","mgi lithium batteries","new export (SEMrush)"
"Batteries","MGI 2024 Zip 24V 299Wh Lithium Battery","4","mgi battery for sale","new export (SEMrush)"
"Batteries","MGI 2024 Zip 24V 299Wh Lithium Battery","5","battery golf buggy reviews","keyword bank (SEMrush)"
"Batteries","MGI 2024 Zip 24V 299Wh Lithium Battery","6","golf trolley 12v battery charger","keyword bank (SEMrush)"
"Batteries","MGI 2024 Zip 24V 299Wh Lithium Battery","7","12v golf buggy batteries","keyword bank (SEMrush)"
"Batteries","MGI Ai GPS+ 24V 380WH Lithium Battery","1","battery charger 12 v for golf trolley","keyword bank (SEMrush)"
"Batteries","MGI Ai GPS+ 24V 380WH Lithium Battery","2","battery charger 12 v to suit golf trolley","keyword bank (SEMrush)"
"Batteries","MGI Ai GPS+ 24V 380WH Lithium Battery","3","battery golf buggy reviews australia","keyword bank (SEMrush)"
"Batteries","MGI Ai GPS+ 24V 380WH Lithium Battery","4","battery golf trolley reviews","keyword bank (SEMrush)"
"Batteries","MGI Ai GPS+ 24V 380WH Lithium Battery","5","battery golf trolleys australia","keyword bank (SEMrush)"
"Batteries","MGI Ai GPS+ 24V 380WH Lithium Battery","6","battery operated golf buggy drive","keyword bank (SEMrush)"
"Batteries","MGI Ai GPS+ 24V 380WH Lithium Battery","7","battery types for golf buggy","keyword bank (SEMrush)"
"Batteries","MGI Lithium 12v 299Wh BATTERY","1","best electric golf buggy battery","keyword bank (SEMrush)"
"Batteries","MGI Lithium 12v 299Wh BATTERY","2","best electric golf trolley battery","keyword bank (SEMrush)"
"Batteries","MGI Lithium 12v 299Wh BATTERY","3","best golf buggy battery","keyword bank (SEMrush)"
"Batteries","MGI Lithium 12v 299Wh BATTERY","4","best golf trolley battery reviews","keyword bank (SEMrush)"
"Batteries","MGI Lithium 12v 299Wh BATTERY","5","electric golf trolley 36 hole lithium battery","keyword bank (SEMrush)"
"Batteries","MGI Lithium 12v 299Wh BATTERY","6","electric golf trolley batteries cheapest","keyword bank (SEMrush)"
"Batteries","MGI Lithium 12v 299Wh BATTERY","7","electric golf trolley no battery","keyword bank (SEMrush)"
"Chargers","MGI Lithium 24v Smart Charger - Ai and Zip Series","1","mgi remote charger","new export (SEMrush)"
"Chargers","MGI Lithium 24v Smart Charger - Ai and Zip Series","2","golf trolley charger","keyword bank (SEMrush)"
"Chargers","MGI Lithium 24v Smart Charger - Ai and Zip Series","3","golf buggy lithium battery charger","keyword bank (SEMrush)"
"Chargers","MGI Lithium 24v Smart Charger - Ai and Zip Series","4","golf trolley battery charger australia","keyword bank (SEMrush)"
"Chargers","MGI Lithium 24v Smart Charger - Ai and Zip Series","5","best golf trolley battery charger","keyword bank (SEMrush)"
"Chargers","MGI Lithium 24v Smart Charger - Ai and Zip Series","6","mgi golf buggy charger","keyword bank (SEMrush)"
"Chargers","MGI Lithium 24v Smart Charger - Ai and Zip Series","7","mgi navigator charger","keyword bank (SEMrush)"
"Chargers","MGI E Series Charger","1","mgi navigator golf buggy remote charging","keyword bank (SEMrush)"
"Chargers","MGI E Series Charger","2","mgi zip navigator remote control charger cable","keyword bank (SEMrush)"
"Chargers","MGI E Series Charger","3","mgi zip navigator remote charging","keyword bank (SEMrush)"
"Chargers","MGI E Series Charger","4","mgi e series charger australia","generated"
"Chargers","MGI E Series Charger","5","mgi e series charger delivery australia","generated"
"Chargers","MGI E Series Charger","6","mgi e series charger best price","generated"
"Chargers","MGI E Series Charger","7","mgi e series charger order online","generated"
"Accessories","MGI Phone Holder","1","mgi phone holder australia","generated"
"Accessories","MGI Phone Holder","2","mgi phone holder delivery australia","generated"
"Accessories","MGI Phone Holder","3","mgi phone holder best price","generated"
"Accessories","MGI Phone Holder","4","mgi phone holder order online","generated"
"Accessories","MGI Phone Holder","5","mgi phone holder deal","generated"
"Accessories","MGI Phone Holder","6","mgi phone holder in stock","generated"
"Accessories","MGI Phone Holder","7","shop mgi phone holder","generated"
"Accessories","MGI Zip Series GPS Holder","1","mgi ai navigator gps+ buggy black","new export (SEMrush)"
"Accessories","MGI Zip Series GPS Holder","2","mgi gps navigator","new export (SEMrush)"
"Accessories","MGI Zip Series GPS Holder","3","mgi ai navigator gps","new export (SEMrush)"
"Accessories","MGI Zip Series GPS Holder","4","mgi ai navigator gps+ accessories","new export (SEMrush)"
"Accessories","MGI Zip Series GPS Holder","5","mg gps","new export (SEMrush)"
"Accessories","MGI Zip Series GPS Holder","6","mgi ai navigator gps+ motorised buggy","new export (SEMrush)"
"Accessories","MGI Zip Series GPS Holder","7","mgi ai navigator gps+ remote","new export (SEMrush)"
"Accessories","MGI Umbrella Holder","1","golf trolley brolly holder","keyword bank (SEMrush)"
"Accessories","MGI Umbrella Holder","2","mgi umbrella holder australia","generated"
"Accessories","MGI Umbrella Holder","3","mgi umbrella holder delivery australia","generated"
"Accessories","MGI Umbrella Holder","4","mgi umbrella holder order online","generated"
"Accessories","MGI Umbrella Holder","5","mgi umbrella holder deal","generated"
"Accessories","MGI Umbrella Holder","6","mgi umbrella holder in stock","generated"
"Accessories","MGI Umbrella Holder","7","shop mgi umbrella holder","generated"
"Accessories","MGI Umbrella Holder Extender","1","mgi umbrella holder extender australia","generated"
"Accessories","MGI Umbrella Holder Extender","2","mgi umbrella holder extender delivery australia","generated"
"Accessories","MGI Umbrella Holder Extender","3","mgi umbrella holder extender order online","generated"
"Accessories","MGI Umbrella Holder Extender","4","mgi umbrella holder extender deal","generated"
"Accessories","MGI Umbrella Holder Extender","5","mgi umbrella holder extender in stock","generated"
"Accessories","MGI Umbrella Holder Extender","6","shop mgi umbrella holder extender","generated"
"Accessories","MGI Umbrella Holder Extender","7","mgi umbrella holder extender cost","generated"
"Accessories","MGI Telescopic Umbrella","1","mgi telescopic umbrella australia","generated"
"Accessories","MGI Telescopic Umbrella","2","mgi telescopic umbrella delivery australia","generated"
"Accessories","MGI Telescopic Umbrella","3","mgi telescopic umbrella order online","generated"
"Accessories","MGI Telescopic Umbrella","4","mgi telescopic umbrella deal","generated"
"Accessories","MGI Telescopic Umbrella","5","mgi telescopic umbrella in stock","generated"
"Accessories","MGI Telescopic Umbrella","6","shop mgi telescopic umbrella","generated"
"Accessories","MGI Telescopic Umbrella","7","mgi telescopic umbrella cost","generated"
"Accessories","MGI Drink Bottle Holder","1","mgi drink bottle holder australia","generated"
"Accessories","MGI Drink Bottle Holder","2","mgi drink bottle holder delivery australia","generated"
"Accessories","MGI Drink Bottle Holder","3","mgi drink bottle holder best price","generated"
"Accessories","MGI Drink Bottle Holder","4","mgi drink bottle holder order online","generated"
"Accessories","MGI Drink Bottle Holder","5","mgi drink bottle holder deal","generated"
"Accessories","MGI Drink Bottle Holder","6","mgi drink bottle holder in stock","generated"
"Accessories","MGI Drink Bottle Holder","7","shop mgi drink bottle holder","generated"
"Accessories","MGI Multipurpose Hook","1","mgi remote clip replacement","new export (SEMrush)"
"Accessories","MGI Multipurpose Hook","2","mgi at navigator remote control clip","keyword bank (SEMrush)"
"Accessories","MGI Multipurpose Hook","3","mgi at navigator remote control clip australia","keyword bank (SEMrush)"
"Accessories","MGI Multipurpose Hook","4","mgi navigator nvr750c remote control clip","keyword bank (SEMrush)"
"Accessories","MGI Multipurpose Hook","5","mgi navigator nvr750c remote control clipl","keyword bank (SEMrush)"
"Accessories","MGI Multipurpose Hook","6","mgi navigator remote control clipl","keyword bank (SEMrush)"
"Accessories","MGI Multipurpose Hook","7","mgi multipurpose hook australia","generated"
"Accessories","MGI Scorecard Holder","1","mgi scorecard holder australia","generated"
"Accessories","MGI Scorecard Holder","2","mgi scorecard holder delivery australia","generated"
"Accessories","MGI Scorecard Holder","3","mgi scorecard holder order online","generated"
"Accessories","MGI Scorecard Holder","4","mgi scorecard holder deal","generated"
"Accessories","MGI Scorecard Holder","5","mgi scorecard holder in stock","generated"
"Accessories","MGI Scorecard Holder","6","shop mgi scorecard holder","generated"
"Accessories","MGI Scorecard Holder","7","mgi scorecard holder cost","generated"
"Accessories","MGI Seat","1","golf buggy with seat for sale","keyword bank (SEMrush)"
"Accessories","MGI Seat","2","mgi ai seat","new export (SEMrush)"
"Accessories","MGI Seat","3","3 wheel golf buggy with seat","keyword bank (SEMrush)"
"Accessories","MGI Seat","4","electric golf trolley seats","keyword bank (SEMrush)"
"Accessories","MGI Seat","5","three wheel golf buggy with seat","keyword bank (SEMrush)"
"Accessories","MGI Seat","6","best golf buggy with seat","keyword bank (SEMrush)"
"Accessories","MGI Seat","7","universal golf trolley seat","keyword bank (SEMrush)"
"Accessories","MGI Rain Cover","1","mgi 2024 zip navigator all terrain","new export (SEMrush)"
"Accessories","MGI Rain Cover","2","mgi 2024 zip navigator all terrain motorised buggy","new export (SEMrush)"
"Accessories","MGI Rain Cover","3","mgi all terrain golf buggy","new export (SEMrush)"
"Accessories","MGI Rain Cover","4","mgi zip navigator all terrain for sale","new export (SEMrush)"
"Accessories","MGI Rain Cover","5","mgi zip navigator all terrain review","new export (SEMrush)"
"Accessories","MGI Rain Cover","6","mgi zip navigator at - all terrain review","new export (SEMrush)"
"Accessories","MGI Rain Cover","7","mgi zip navigator vs all terrain","new export (SEMrush)"
"Accessories","MGI Wheel Covers","1","golf buggy third wheel","keyword bank (SEMrush)"
"Accessories","MGI Wheel Covers","2","big wheel golf buggy","keyword bank (SEMrush)"
"Accessories","MGI Wheel Covers","3","electric golf buggy wheels","keyword bank (SEMrush)"
"Accessories","MGI Wheel Covers","4","electric golf trolley wheels","keyword bank (SEMrush)"
"Accessories","MGI Wheel Covers","5","golf buggy alloy wheels","keyword bank (SEMrush)"
"Accessories","MGI Wheel Covers","6","golf buggy front wheel","keyword bank (SEMrush)"
"Accessories","MGI Wheel Covers","7","golf buggy wheels australia","keyword bank (SEMrush)"
"Accessories","MGI Rear Wheels","1","golf trolley front wheel","keyword bank (SEMrush)"
"Accessories","MGI Rear Wheels","2","golf trolley wheels for sale","keyword bank (SEMrush)"
"Accessories","MGI Rear Wheels","3","motorised golf buggy wheels","keyword bank (SEMrush)"
"Accessories","MGI Rear Wheels","4","3 wheel electric buggy","keyword bank (SEMrush)"
"Accessories","MGI Rear Wheels","5","3 wheel golf buggy reviews","keyword bank (SEMrush)"
"Accessories","MGI Rear Wheels","6","3 wheel golf trolley reviews","keyword bank (SEMrush)"
"Accessories","MGI Rear Wheels","7","3 wheel golf trolley sports direct","keyword bank (SEMrush)"
"Accessories","MGI Cooler Bag","1","mgi cooler bag australia","generated"
"Accessories","MGI Cooler Bag","2","mgi cooler bag delivery australia","generated"
"Accessories","MGI Cooler Bag","3","mgi cooler bag order online","generated"
"Accessories","MGI Cooler Bag","4","mgi cooler bag deal","generated"
"Accessories","MGI Cooler Bag","5","mgi cooler bag in stock","generated"
"Accessories","MGI Cooler Bag","6","shop mgi cooler bag","generated"
"Accessories","MGI Cooler Bag","7","mgi cooler bag cost","generated"
"Accessories","MGI Travel Bag","1","mgi travel bag australia","generated"
"Accessories","MGI Travel Bag","2","mgi travel bag delivery australia","generated"
"Accessories","MGI Travel Bag","3","mgi travel bag order online","generated"
"Accessories","MGI Travel Bag","4","mgi travel bag deal","generated"
"Accessories","MGI Travel Bag","5","mgi travel bag in stock","generated"
"Accessories","MGI Travel Bag","6","shop mgi travel bag","generated"
"Accessories","MGI Travel Bag","7","mgi travel bag cost","generated"
"Accessories","MGI Accessories Bag","1","mgi golf accessories","new export (SEMrush)"
"Accessories","MGI Accessories Bag","2","mgi ai accessories","new export (SEMrush)"
"Accessories","MGI Accessories Bag","3","mgi ai navigator accessories","new export (SEMrush)"
"Accessories","MGI Accessories Bag","4","mgi navigator at accessories","new export (SEMrush)"
"Accessories","MGI Accessories Bag","5","best mgi zip navigator accessories","new export (SEMrush)"
"Accessories","MGI Accessories Bag","6","golf trolley accessories holder","keyword bank (SEMrush)"
"Accessories","MGI Accessories Bag","7","universal golf trolley accessories","keyword bank (SEMrush)"
"Accessories","MGI Fireproof Charging Box","1","mgi fireproof charging box australia","generated"
"Accessories","MGI Fireproof Charging Box","2","mgi fireproof charging box delivery australia","generated"
"Accessories","MGI Fireproof Charging Box","3","mgi fireproof charging box order online","generated"
"Accessories","MGI Fireproof Charging Box","4","mgi fireproof charging box deal","generated"
"Accessories","MGI Fireproof Charging Box","5","mgi fireproof charging box in stock","generated"
"Accessories","MGI Fireproof Charging Box","6","shop mgi fireproof charging box","generated"
"Accessories","MGI Fireproof Charging Box","7","mgi fireproof charging box cost","generated"
"Accessories","MGI Halo Eye","1","mgi halo eye australia","generated"
"Accessories","MGI Halo Eye","2","mgi halo eye delivery australia","generated"
"Accessories","MGI Halo Eye","3","mgi halo eye order online","generated"
"Accessories","MGI Halo Eye","4","mgi halo eye deal","generated"
"Accessories","MGI Halo Eye","5","mgi halo eye in stock","generated"
"Accessories","MGI Halo Eye","6","shop mgi halo eye","generated"
"Accessories","MGI Halo Eye","7","mgi halo eye cost","generated"
"Accessories","Clicgear Soft Seat Cover","1","clicgear soft seat cover australia","generated"
"Accessories","Clicgear Soft Seat Cover","2","clicgear soft seat cover delivery australia","generated"
"Accessories","Clicgear Soft Seat Cover","3","clicgear soft seat cover best price","generated"
"Accessories","Clicgear Soft Seat Cover","4","clicgear soft seat cover order online","generated"
"Accessories","Clicgear Soft Seat Cover","5","clicgear soft seat cover deal","generated"
"Accessories","Clicgear Soft Seat Cover","6","clicgear soft seat cover in stock","generated"
"Accessories","Clicgear Soft Seat Cover","7","shop clicgear soft seat cover","generated"
"Accessories","Rovic RV1C1S Seat","1","rovic rv1c 1s seat australia","generated"
"Accessories","Rovic RV1C1S Seat","2","rovic rv1c 1s seat delivery australia","generated"
"Accessories","Rovic RV1C1S Seat","3","rovic rv1c 1s seat best price","generated"
"Accessories","Rovic RV1C1S Seat","4","rovic rv1c 1s seat order online","generated"
"Accessories","Rovic RV1C1S Seat","5","rovic rv1c 1s seat deal","generated"
"Accessories","Rovic RV1C1S Seat","6","rovic rv1c 1s seat in stock","generated"
"Accessories","Rovic RV1C1S Seat","7","shop rovic rv1c 1s seat","generated"