"category","sub_category","brand","product","role","keyword","intent","monthly_volume","kd","source"
"Golf buggies","Electric (remote / GPS) buggies","MGI","MGI Ai Navigator GPS+ Electric Buggy - Navy","primary","remote control golf buggy for sale","Transactional","50","6","keyword bank (SEMrush)"
"Golf buggies","Electric (remote / GPS) buggies","MGI","MGI Ai Navigator GPS+ Electric Buggy - Navy","secondary","mgi remote","Transactional","50","15","new export (SEMrush)"
"Golf buggies","Electric (remote / GPS) buggies","MGI","MGI Ai Navigator GPS+ Electric Buggy - Navy","secondary","remote control golf trolley","Commercial","50","","keyword bank (SEMrush)"
"Golf buggies","Electric (remote / GPS) buggies","MGI","MGI Ai Navigator GPS+ Electric Buggy - Navy","secondary","remote control electric golf trolley","Commercial","40","","keyword bank (SEMrush)"
"Golf buggies","Electric (remote / GPS) buggies","MGI","MGI Ai Navigator GPS+ Electric Buggy - Navy","secondary","golf trolley with remote","Commercial","40","","keyword bank (SEMrush)"
"Golf buggies","Electric (remote / GPS) buggies","MGI","MGI Ai Navigator GPS+ Electric Buggy - Navy","secondary","best electric golf buggy with remote","Commercial","30","","keyword bank (SEMrush)"
"Golf buggies","Electric (remote / GPS) buggies","MGI","MGI Zip Navigator AT - Navy","primary","mgi zip navigator at","Commercial","170","16","new export (SEMrush)"
"Golf buggies","Electric (remote / GPS) buggies","MGI","MGI Zip Navigator AT - Navy","secondary","mgi all terrain","Transactional","50","14","new export (SEMrush)"
"Golf buggies","Electric (remote / GPS) buggies","MGI","MGI Zip Navigator AT - Navy","secondary","mgi zip navigator all terrain best price","Transactional","70","17","new export (SEMrush)"
"Golf buggies","Electric (remote / GPS) buggies","MGI","MGI Zip Navigator AT - Navy","secondary","mgi zip navigator at - all terrain","Commercial","40","","new export (SEMrush)"
"Golf buggies","Electric (remote / GPS) buggies","MGI","MGI Zip Navigator AT - Navy","secondary","mgi all terrain navigator","Transactional","40","","new export (SEMrush)"
"Golf buggies","Electric (remote / GPS) buggies","MGI","MGI Zip Navigator AT - Navy","secondary","mgi zip navigator at all terrain","Commercial","30","","new export (SEMrush)"
"Golf buggies","Electric (remote / GPS) buggies","MGI","MGI ZIP Navigator","primary","zip navigator","Commercial","50","9","new export (SEMrush)"
"Golf buggies","Electric (remote / GPS) buggies","MGI","MGI ZIP Navigator","secondary","mgi zip navigator remote control","Commercial","70","14","new export (SEMrush)"
"Golf buggies","Electric (remote / GPS) buggies","MGI","MGI ZIP Navigator","secondary","mgi zip","Transactional","110","19","new export (SEMrush)"
"Golf buggies","Electric (remote / GPS) buggies","MGI","MGI ZIP Navigator","secondary","mgi navigator golf buggy","Transactional","40","","new export (SEMrush)"
"Golf buggies","Electric (remote / GPS) buggies","MGI","MGI ZIP Navigator","secondary","best remote control golf buggy australia","Commercial","30","","keyword bank (SEMrush)"
"Golf buggies","Electric (remote / GPS) buggies","MGI","MGI ZIP Navigator","secondary","electric golf buggy with remote australia","Commercial","30","","keyword bank (SEMrush)"
"Golf buggies","Electric (remote / GPS) buggies","MGI","MGI Ai 500 Electric Buggy","primary","mgi ai 500","Transactional","90","21","new export (SEMrush)"
"Golf buggies","Electric (remote / GPS) buggies","MGI","MGI Ai 500 Electric Buggy","secondary","mgi ai series","Transactional","20","","new export (SEMrush)"
"Golf buggies","Electric (remote / GPS) buggies","MGI","MGI Ai 500 Electric Buggy","secondary","mgi ai 500 gps","Transactional","20","","new export (SEMrush)"
"Golf buggies","Electric (remote / GPS) buggies","MGI","MGI Ai 500 Electric Buggy","secondary","mgi ai 500 price","Transactional","20","","new export (SEMrush)"
"Golf buggies","Electric (remote / GPS) buggies","MGI","MGI Ai 500 Electric Buggy","secondary","mgi ai 500 vs ai navigator","Transactional","20","","new export (SEMrush)"
"Golf buggies","Electric (remote / GPS) buggies","MGI","MGI Ai 500 Electric Buggy","secondary","mgi ai buggy","Transactional","20","","new export (SEMrush)"
"Golf buggies","Electric (remote / GPS) buggies","MGI","MGI Ai Navigator Halo","primary","mgi navigator halo","Transactional","50","","new export (SEMrush)"
"Golf buggies","Electric (remote / GPS) buggies","MGI","MGI Ai Navigator Halo","secondary","mgi golf ai navigator halo price","Transactional","0","","keyword bank (SEMrush)"
"Golf buggies","Electric (remote / GPS) buggies","MGI","MGI Ai Navigator Halo","secondary","mgi navigator halo price details","Transactional","0","","keyword bank (SEMrush)"
"Golf buggies","Electric (remote / GPS) buggies","MGI","MGI Ai Navigator Halo","secondary","buy mgi ai navigator halo","Transactional","","","generated"
"Golf buggies","Electric (remote / GPS) buggies","MGI","MGI Ai Navigator Halo","secondary","mgi ai navigator halo for sale","Transactional","","","generated"
"Golf buggies","Electric (remote / GPS) buggies","MGI","MGI Ai Navigator Halo","secondary","mgi ai navigator halo price australia","Transactional","","","generated"
"Golf buggies","Electric (remote / GPS) buggies","MGI","MGI ZIP X5","primary","mgi x5","Transactional","70","19","new export (SEMrush)"
"Golf buggies","Electric (remote / GPS) buggies","MGI","MGI ZIP X5","secondary","mgi zip x5 golf buggy","Transactional","40","","new export (SEMrush)"
"Golf buggies","Electric (remote / GPS) buggies","MGI","MGI ZIP X5","secondary","mgi x5 for sale","Transactional","20","","new export (SEMrush)"
"Golf buggies","Electric (remote / GPS) buggies","MGI","MGI ZIP X5","secondary","mgi x5 price","Transactional","20","","new export (SEMrush)"
"Golf buggies","Electric (remote / GPS) buggies","MGI","MGI ZIP X5","secondary","mgi zip x3 vs x5","Commercial","20","","new export (SEMrush)"
"Golf buggies","Electric (remote / GPS) buggies","MGI","MGI ZIP X5","secondary","mgi zip x5 vs navigator","Commercial","20","","new export (SEMrush)"
"Golf buggies","Electric (remote / GPS) buggies","MGI","MGI ZIP X3","primary","mgi zip x3","Transactional","110","16","new export (SEMrush)"
"Golf buggies","Electric (remote / GPS) buggies","MGI","MGI ZIP X3","secondary","mgi zip x1 vs x3","Commercial","20","","new export (SEMrush)"
"Golf buggies","Electric (remote / GPS) buggies","MGI","MGI ZIP X3","secondary","mgi x3 golf buggy price","Transactional","0","","keyword bank (SEMrush)"
"Golf buggies","Electric (remote / GPS) buggies","MGI","MGI ZIP X3","secondary","mgi zip x3 lithium electric golf caddie","Commercial","0","","keyword bank (SEMrush)"
"Golf buggies","Electric (remote / GPS) buggies","MGI","MGI ZIP X3","secondary","mgi zip x3 lithium electric golf caddy","Commercial","0","","keyword bank (SEMrush)"
"Golf buggies","Electric (remote / GPS) buggies","MGI","MGI ZIP X3","secondary","mgi zip x3 motorised lithium golf buggy","Commercial","0","","keyword bank (SEMrush)"
"Golf buggies","Electric (remote / GPS) buggies","MGI","MGI ZIP X1","primary","zip x1 electric golf caddy","Commercial","0","","keyword bank (SEMrush)"
"Golf buggies","Electric (remote / GPS) buggies","MGI","MGI ZIP X1","secondary","mgi zip x1 electric golf caddie","Commercial","0","","keyword bank (SEMrush)"
"Golf buggies","Electric (remote / GPS) buggies","MGI","MGI ZIP X1","secondary","mgi zip x1 electric golf caddy","Commercial","0","","keyword bank (SEMrush)"
"Golf buggies","Electric (remote / GPS) buggies","MGI","MGI ZIP X1","secondary","mgi zip x1 lithium electric golf caddie","Commercial","0","","keyword bank (SEMrush)"
"Golf buggies","Electric (remote / GPS) buggies","MGI","MGI ZIP X1","secondary","mgi zip x1 lithium electric golf caddy","Commercial","0","","keyword bank (SEMrush)"
"Golf buggies","Electric (remote / GPS) buggies","MGI","MGI ZIP X1","secondary","mgi zip x1 motorised golf buggy black","Commercial","0","","keyword bank (SEMrush)"
"Golf buggies","Push / pull buggies","MGI","MGI E-Boost - Black","primary","mgi e boost golf buggy","Transactional","20","","new export (SEMrush)"
"Golf buggies","Push / pull buggies","MGI","MGI E-Boost - Black","secondary","buy mgi e-boost black","Transactional","","","generated"
"Golf buggies","Push / pull buggies","MGI","MGI E-Boost - Black","secondary","mgi e-boost black for sale","Transactional","","","generated"
"Golf buggies","Push / pull buggies","MGI","MGI E-Boost - Black","secondary","mgi e-boost black price australia","Transactional","","","generated"
"Golf buggies","Push / pull buggies","MGI","MGI E-Boost - Black","secondary","best price mgi e-boost black","Transactional","","","generated"
"Golf buggies","Push / pull buggies","MGI","MGI E-Boost - Black","secondary","mgi e-boost black online","Transactional","","","generated"
"Golf buggies","Push / pull buggies","MGI","MGI E-Boost - Navy","primary","buy mgi e-boost navy","Transactional","","","generated"
"Golf buggies","Push / pull buggies","MGI","MGI E-Boost - Navy","secondary","mgi e-boost navy for sale","Transactional","","","generated"
"Golf buggies","Push / pull buggies","MGI","MGI E-Boost - Navy","secondary","mgi e-boost navy price australia","Transactional","","","generated"
"Golf buggies","Push / pull buggies","MGI","MGI E-Boost - Navy","secondary","best price mgi e-boost navy","Transactional","","","generated"
"Golf buggies","Push / pull buggies","MGI","MGI E-Boost - Navy","secondary","mgi e-boost navy online","Transactional","","","generated"
"Golf buggies","Push / pull buggies","MGI","MGI E-Boost - Navy","secondary","order mgi e-boost navy","Transactional","","","generated"
"Golf buggies","Push / pull buggies","MGI","MGI E-Boost - White","primary","buy mgi e-boost white","Transactional","","","generated"
"Golf buggies","Push / pull buggies","MGI","MGI E-Boost - White","secondary","mgi e-boost white for sale","Transactional","","","generated"
"Golf buggies","Push / pull buggies","MGI","MGI E-Boost - White","secondary","mgi e-boost white price australia","Transactional","","","generated"
"Golf buggies","Push / pull buggies","MGI","MGI E-Boost - White","secondary","best price mgi e-boost white","Transactional","","","generated"
"Golf buggies","Push / pull buggies","MGI","MGI E-Boost - White","secondary","mgi e-boost white online","Transactional","","","generated"
"Golf buggies","Push / pull buggies","MGI","MGI E-Boost - White","secondary","order mgi e-boost white","Transactional","","","generated"
"Golf buggies","Push / pull buggies","Clicgear","Clicgear Model 4.5 Buggy - Black","primary","clicgear 4.5","Transactional","110","13","new export (SEMrush)"
"Golf buggies","Push / pull buggies","Clicgear","Clicgear Model 4.5 Buggy - Black","secondary","buy clicgear 4.5 black","Transactional","","","generated"
"Golf buggies","Push / pull buggies","Clicgear","Clicgear Model 4.5 Buggy - Black","secondary","clicgear 4.5 black for sale","Transactional","","","generated"
"Golf buggies","Push / pull buggies","Clicgear","Clicgear Model 4.5 Buggy - Black","secondary","clicgear 4.5 black price australia","Transactional","","","generated"
"Golf buggies","Push / pull buggies","Clicgear","Clicgear Model 4.5 Buggy - Black","secondary","best price clicgear 4.5 black","Transactional","","","generated"
"Golf buggies","Push / pull buggies","Clicgear","Clicgear Model 4.5 Buggy - Black","secondary","clicgear 4.5 black online","Transactional","","","generated"
"Golf buggies","Push / pull buggies","Clicgear","Clicgear Model 4.0 Buggy - Silver","primary","clicgear 4.0 best price australia","Commercial","20","6","new export (SEMrush)"
"Golf buggies","Push / pull buggies","Clicgear","Clicgear Model 4.0 Buggy - Silver","secondary","clicgear 4.0 for sale","Transactional","20","6","new export (SEMrush)"
"Golf buggies","Push / pull buggies","Clicgear","Clicgear Model 4.0 Buggy - Silver","secondary","buy clicgear 4.0","Transactional","20","7","new export (SEMrush)"
"Golf buggies","Push / pull buggies","Clicgear","Clicgear Model 4.0 Buggy - Silver","secondary","clicgear 4 wheel","Transactional","20","7","new export (SEMrush)"
"Golf buggies","Push / pull buggies","Clicgear","Clicgear Model 4.0 Buggy - Silver","secondary","clicgear 4.0 australia","Commercial","20","7","new export (SEMrush)"
"Golf buggies","Push / pull buggies","Clicgear","Clicgear Model 4.0 Buggy - Silver","secondary","push buggy","Commercial","90","11","keyword bank (SEMrush)"
"Golf buggies","Push / pull buggies","Clicgear","Clicgear Model 4.0 Buggy - Matte White","primary","clicgear 4.0 price","Transactional","20","7","new export (SEMrush)"
"Golf buggies","Push / pull buggies","Clicgear","Clicgear Model 4.0 Buggy - Matte White","secondary","clicgear 4.0 best price","Commercial","20","8","new export (SEMrush)"
"Golf buggies","Push / pull buggies","Clicgear","Clicgear Model 4.0 Buggy - Matte White","secondary","clicgear 4 vs 8","Commercial","20","9","new export (SEMrush)"
"Golf buggies","Push / pull buggies","Clicgear","Clicgear Model 4.0 Buggy - Matte White","secondary","clicgear model 4.0","Transactional","50","12","new export (SEMrush)"
"Golf buggies","Push / pull buggies","Clicgear","Clicgear Model 4.0 Buggy - Matte White","secondary","clicgear 4.0 golf trolley","Transactional","20","12","new export (SEMrush)"
"Golf buggies","Push / pull buggies","Clicgear","Clicgear Model 4.0 Buggy - Matte White","secondary","clicgear model 4 buggy","Transactional","30","15","new export (SEMrush)"
"Golf buggies","Push / pull buggies","Clicgear","Clicgear Model 4.0 Buggy - Soft Pink","primary","golf three wheel trolley","Commercial","50","17","keyword bank (SEMrush)"
"Golf buggies","Push / pull buggies","Clicgear","Clicgear Model 4.0 Buggy - Soft Pink","secondary","electric golf push buggy","Commercial","30","","keyword bank (SEMrush)"
"Golf buggies","Push / pull buggies","Clicgear","Clicgear Model 4.0 Buggy - Soft Pink","secondary","3 wheel electric golf buggy","Commercial","20","","keyword bank (SEMrush)"
"Golf buggies","Push / pull buggies","Clicgear","Clicgear Model 4.0 Buggy - Soft Pink","secondary","3 wheel golf trolly","Commercial","20","","keyword bank (SEMrush)"
"Golf buggies","Push / pull buggies","Clicgear","Clicgear Model 4.0 Buggy - Soft Pink","secondary","3 wheel push golf trolley","Commercial","20","","keyword bank (SEMrush)"
"Golf buggies","Push / pull buggies","Clicgear","Clicgear Model 4.0 Buggy - Soft Pink","secondary","3 wheel ride on golf buggy","Commercial","20","","keyword bank (SEMrush)"
"Golf buggies","Push / pull buggies","Clicgear","Clicgear Model 4.0 Buggy - Teal","primary","three wheel electric golf buggy","Commercial","20","","keyword bank (SEMrush)"
"Golf buggies","Push / pull buggies","Clicgear","Clicgear Model 4.0 Buggy - Teal","secondary","3 wheel golf buggy for sale","Transactional","20","","keyword bank (SEMrush)"
"Golf buggies","Push / pull buggies","Clicgear","Clicgear Model 4.0 Buggy - Teal","secondary","push golf trolley sale","Transactional","20","","keyword bank (SEMrush)"
"Golf buggies","Push / pull buggies","Clicgear","Clicgear Model 4.0 Buggy - Teal","secondary","3 wheel golf caddy","Commercial","20","","keyword bank (SEMrush)"
"Golf buggies","Push / pull buggies","Clicgear","Clicgear Model 4.0 Buggy - Teal","secondary","3 wheel golf trolley sale","Transactional","10","","keyword bank (SEMrush)"
"Golf buggies","Push / pull buggies","Clicgear","Clicgear Model 4.0 Buggy - Teal","secondary","3 wheeler golf trolley","Commercial","0","","keyword bank (SEMrush)"
"Golf buggies","Push / pull buggies","Rovic (Clicgear)","Rovic RV1S Swivel 2.0 Buggy - Light Blue","primary","rv1s rovic","Commercial","20","2","new export (SEMrush)"
"Golf buggies","Push / pull buggies","Rovic (Clicgear)","Rovic RV1S Swivel 2.0 Buggy - Light Blue","secondary","rovic 1s","Transactional","10","4","new export (SEMrush)"
"Golf buggies","Push / pull buggies","Rovic (Clicgear)","Rovic RV1S Swivel 2.0 Buggy - Light Blue","secondary","rovic rv1s 2.0","Transactional","70","9","new export (SEMrush)"
"Golf buggies","Push / pull buggies","Rovic (Clicgear)","Rovic RV1S Swivel 2.0 Buggy - Light Blue","secondary","rovic rv1s swivel golf buggy","Transactional","20","7","new export (SEMrush)"
"Golf buggies","Push / pull buggies","Rovic (Clicgear)","Rovic RV1S Swivel 2.0 Buggy - Light Blue","secondary","rovic rv1s swivel","Transactional","20","7","new export (SEMrush)"
"Golf buggies","Push / pull buggies","Rovic (Clicgear)","Rovic RV1S Swivel 2.0 Buggy - Light Blue","secondary","rovic swivel golf buggy","Commercial","20","7","new export (SEMrush)"
"Golf buggies","Push / pull buggies","Rovic (Clicgear)","Rovic RV1C Compact 2.0 Buggy - SilverBlack","primary","rovic rv1c compact","Commercial","20","2","new export (SEMrush)"
"Golf buggies","Push / pull buggies","Rovic (Clicgear)","Rovic RV1C Compact 2.0 Buggy - SilverBlack","secondary","rv1c rovic","Commercial","20","4","new export (SEMrush)"
"Golf buggies","Push / pull buggies","Rovic (Clicgear)","Rovic RV1C Compact 2.0 Buggy - SilverBlack","secondary","rovic compact","Transactional","20","5","new export (SEMrush)"
"Golf buggies","Push / pull buggies","Rovic (Clicgear)","Rovic RV1C Compact 2.0 Buggy - SilverBlack","secondary","rovic golf buggy rv1c","Transactional","20","6","new export (SEMrush)"
"Golf buggies","Push / pull buggies","Rovic (Clicgear)","Rovic RV1C Compact 2.0 Buggy - SilverBlack","secondary","rv1c golf trolley","Transactional","20","6","new export (SEMrush)"
"Golf buggies","Push / pull buggies","Rovic (Clicgear)","Rovic RV1C Compact 2.0 Buggy - SilverBlack","secondary","rovic rv1c 2.0","Transactional","20","7","new export (SEMrush)"
"Batteries","Lithium 24V batteries","MGI","MGI Lithium 24v 13Ah Battery","primary","buy mgi lithium 24v 13ah battery","Transactional","","","generated"
"Batteries","Lithium 24V batteries","MGI","MGI Lithium 24v 13Ah Battery","secondary","mgi lithium 24v 13ah battery for sale","Transactional","","","generated"
"Batteries","Lithium 24V batteries","MGI","MGI Lithium 24v 13Ah Battery","secondary","mgi lithium 24v 13ah battery price australia","Transactional","","","generated"
"Batteries","Lithium 24V batteries","MGI","MGI Lithium 24v 13Ah Battery","secondary","best price mgi lithium 24v 13ah battery","Transactional","","","generated"
"Batteries","Lithium 24V batteries","MGI","MGI Lithium 24v 13Ah Battery","secondary","mgi lithium 24v 13ah battery online","Transactional","","","generated"
"Batteries","Lithium 24V batteries","MGI","MGI Lithium 24v 13Ah Battery","secondary","order mgi lithium 24v 13ah battery","Transactional","","","generated"
"Batteries","Lithium 24V batteries","MGI","MGI Lithium 24V 250Wh Battery","primary","mgi battery","Transactional","170","11","new export (SEMrush)"
"Batteries","Lithium 24V batteries","MGI","MGI Lithium 24V 250Wh Battery","secondary","mgi battery box","Transactional","30","8","new export (SEMrush)"
"Batteries","Lithium 24V batteries","MGI","MGI Lithium 24V 250Wh Battery","secondary","mgi batteries","Transactional","40","9","new export (SEMrush)"
"Batteries","Lithium 24V batteries","MGI","MGI Lithium 24V 250Wh Battery","secondary","mgi battery replacement","Transactional","70","15","new export (SEMrush)"
"Batteries","Lithium 24V batteries","MGI","MGI Lithium 24V 250Wh Battery","secondary","battery powered golf buggy","Commercial","30","","keyword bank (SEMrush)"
"Batteries","Lithium 24V batteries","MGI","MGI Lithium 24V 250Wh Battery","secondary","battery operated golf buggy","Commercial","30","","keyword bank (SEMrush)"
"Batteries","Lithium 24V batteries","MGI","MGI 2024 Zip 24V 250Wh Lithium Battery","primary","mgi zip navigator at battery","Transactional","20","","new export (SEMrush)"
"Batteries","Lithium 24V batteries","MGI","MGI 2024 Zip 24V 250Wh Lithium Battery","secondary","mgi zip navigator battery charging","Transactional","20","","new export (SEMrush)"
"Batteries","Lithium 24V batteries","MGI","MGI 2024 Zip 24V 250Wh Lithium Battery","secondary","mgi zip navigator battery replacement","Commercial","20","","new export (SEMrush)"
"Batteries","Lithium 24V batteries","MGI","MGI 2024 Zip 24V 250Wh Lithium Battery","secondary","mgi zip navigator remote control battery replacement","Transactional","20","","new export (SEMrush)"
"Batteries","Lithium 24V batteries","MGI","MGI 2024 Zip 24V 250Wh Lithium Battery","secondary","mgi zip battery replacement","Transactional","10","","new export (SEMrush)"
"Batteries","Lithium 24V batteries","MGI","MGI 2024 Zip 24V 250Wh Lithium Battery","secondary","mgi zip x1 2024 lithium battery motorised buggy reviews","Commercial","0","","keyword bank (SEMrush)"
"Batteries","Lithium 24V batteries","MGI","MGI 2024 Zip 24V 299Wh Lithium Battery","primary","buy mgi 2024 zip 24v 299wh lithium battery","Transactional","","","generated"
"Batteries","Lithium 24V batteries","MGI","MGI 2024 Zip 24V 299Wh Lithium Battery","secondary","mgi 2024 zip 24v 299wh lithium battery for sale","Transactional","","","generated"
"Batteries","Lithium 24V batteries","MGI","MGI 2024 Zip 24V 299Wh Lithium Battery","secondary","mgi 2024 zip 24v 299wh lithium battery price australia","Transactional","","","generated"
"Batteries","Lithium 24V batteries","MGI","MGI 2024 Zip 24V 299Wh Lithium Battery","secondary","best price mgi 2024 zip 24v 299wh lithium battery","Transactional","","","generated"
"Batteries","Lithium 24V batteries","MGI","MGI 2024 Zip 24V 299Wh Lithium Battery","secondary","mgi 2024 zip 24v 299wh lithium battery online","Transactional","","","generated"
"Batteries","Lithium 24V batteries","MGI","MGI 2024 Zip 24V 299Wh Lithium Battery","secondary","order mgi 2024 zip 24v 299wh lithium battery","Transactional","","","generated"
"Batteries","Lithium 24V batteries","MGI","MGI Ai GPS+ 24V 380WH Lithium Battery","primary","mgi 380wh li battery","Transactional","20","","new export (SEMrush)"
"Batteries","Lithium 24V batteries","MGI","MGI Ai GPS+ 24V 380WH Lithium Battery","secondary","mgi navigator battery","Transactional","20","","new export (SEMrush)"
"Batteries","Lithium 24V batteries","MGI","MGI Ai GPS+ 24V 380WH Lithium Battery","secondary","mgi navigator remote battery","Transactional","20","","new export (SEMrush)"
"Batteries","Lithium 24V batteries","MGI","MGI Ai GPS+ 24V 380WH Lithium Battery","secondary","mgi zip navigator battery indicator","Commercial","0","","keyword bank (SEMrush)"
"Batteries","Lithium 24V batteries","MGI","MGI Ai GPS+ 24V 380WH Lithium Battery","secondary","mgi zip navigator remote battery","Commercial","0","","keyword bank (SEMrush)"
"Batteries","Lithium 24V batteries","MGI","MGI Ai GPS+ 24V 380WH Lithium Battery","secondary","mgi ai navigator gps+ battery","Commercial","0","","keyword bank (SEMrush)"
"Batteries","Lithium 12V batteries","MGI","MGI Lithium 12v 299Wh BATTERY","primary","12 volt golf buggy batteries","Commercial","20","","keyword bank (SEMrush)"
"Batteries","Lithium 12V batteries","MGI","MGI Lithium 12v 299Wh BATTERY","secondary","12v golf trolley battery","Commercial","10","","keyword bank (SEMrush)"
"Batteries","Lithium 12V batteries","MGI","MGI Lithium 12v 299Wh BATTERY","secondary","12v 20ah golf trolley battery","Commercial","0","","keyword bank (SEMrush)"
"Batteries","Lithium 12V batteries","MGI","MGI Lithium 12v 299Wh BATTERY","secondary","12v 26ah golf trolley battery","Commercial","0","","keyword bank (SEMrush)"
"Batteries","Lithium 12V batteries","MGI","MGI Lithium 12v 299Wh BATTERY","secondary","12v golf buggy mgi lite lithium batteries","Commercial","0","","keyword bank (SEMrush)"
"Batteries","Lithium 12V batteries","MGI","MGI Lithium 12v 299Wh BATTERY","secondary","golf buggy battery 12v 22 amp hours","Commercial","0","","keyword bank (SEMrush)"
"Chargers","Battery chargers","MGI","MGI Lithium 24v Smart Charger - Ai and Zip Series","primary","mgi battery charger","Commercial","70","2","new export (SEMrush)"
"Chargers","Battery chargers","MGI","MGI Lithium 24v Smart Charger - Ai and Zip Series","secondary","mgi charger","Commercial","40","9","new export (SEMrush)"
"Chargers","Battery chargers","MGI","MGI Lithium 24v Smart Charger - Ai and Zip Series","secondary","mgi battery charger replacement","Commercial","30","","new export (SEMrush)"
"Chargers","Battery chargers","MGI","MGI Lithium 24v Smart Charger - Ai and Zip Series","secondary","electric golf trolley battery charger","Commercial","30","","keyword bank (SEMrush)"
"Chargers","Battery chargers","MGI","MGI Lithium 24v Smart Charger - Ai and Zip Series","secondary","golf buggy battery charger","Commercial","20","","keyword bank (SEMrush)"
"Chargers","Battery chargers","MGI","MGI Lithium 24v Smart Charger - Ai and Zip Series","secondary","golf battery charger","Transactional","20","","new export (SEMrush)"
"Chargers","Battery chargers","MGI","MGI E Series Charger","primary","mgi 24v lithium battery charger","Transactional","20","","new export (SEMrush)"
"Chargers","Battery chargers","MGI","MGI E Series Charger","secondary","mgi golf buggy battery charger","Transactional","20","","new export (SEMrush)"
"Chargers","Battery chargers","MGI","MGI E Series Charger","secondary","mgi lithium 24v 380wh battery charger","Transactional","20","","new export (SEMrush)"
"Chargers","Battery chargers","MGI","MGI E Series Charger","secondary","mgi lithium battery charger","Transactional","20","","new export (SEMrush)"
"Chargers","Battery chargers","MGI","MGI E Series Charger","secondary","mgi zip battery charger","Transactional","20","","new export (SEMrush)"
"Chargers","Battery chargers","MGI","MGI E Series Charger","secondary","mgi zip navigator battery charger","Transactional","20","","new export (SEMrush)"
"Accessories","Holders and mounts","MGI","MGI Phone Holder","primary","golf buggy phone holder","Transactional","170","10","keyword bank (SEMrush)"
"Accessories","Holders and mounts","MGI","MGI Phone Holder","secondary","best phone holder for golf trolley","Commercial","20","","keyword bank (SEMrush)"
"Accessories","Holders and mounts","MGI","MGI Phone Holder","secondary","golf trolley iphone holder","Commercial","0","","keyword bank (SEMrush)"
"Accessories","Holders and mounts","MGI","MGI Phone Holder","secondary","buy mgi phone holder","Transactional","","","generated"
"Accessories","Holders and mounts","MGI","MGI Phone Holder","secondary","mgi phone holder for sale","Transactional","","","generated"
"Accessories","Holders and mounts","MGI","MGI Phone Holder","secondary","mgi phone holder price australia","Transactional","","","generated"
"Accessories","Holders and mounts","MGI","MGI Zip Series GPS Holder","primary","golf buggy gps holder","Commercial","10","","keyword bank (SEMrush)"
"Accessories","Holders and mounts","MGI","MGI Zip Series GPS Holder","secondary","golf trolley gps holder","Commercial","10","","keyword bank (SEMrush)"
"Accessories","Holders and mounts","MGI","MGI Zip Series GPS Holder","secondary","golf caddy gps holder","Commercial","0","","keyword bank (SEMrush)"
"Accessories","Holders and mounts","MGI","MGI Zip Series GPS Holder","secondary","universal gps holder for golf trolley","Commercial","0","","keyword bank (SEMrush)"
"Accessories","Holders and mounts","MGI","MGI Zip Series GPS Holder","secondary","mgi navigator accessories gps holder","Commercial","0","","keyword bank (SEMrush)"
"Accessories","Holders and mounts","MGI","MGI Zip Series GPS Holder","secondary","buy mgi zip series gps holder","Transactional","","","generated"
"Accessories","Holders and mounts","MGI","MGI Umbrella Holder","primary","buy mgi umbrella holder","Transactional","","","generated"
"Accessories","Holders and mounts","MGI","MGI Umbrella Holder","secondary","mgi umbrella holder for sale","Transactional","","","generated"
"Accessories","Holders and mounts","MGI","MGI Umbrella Holder","secondary","mgi umbrella holder price australia","Transactional","","","generated"
"Accessories","Holders and mounts","MGI","MGI Umbrella Holder","secondary","best price mgi umbrella holder","Transactional","","","generated"
"Accessories","Holders and mounts","MGI","MGI Umbrella Holder","secondary","mgi umbrella holder online","Transactional","","","generated"
"Accessories","Holders and mounts","MGI","MGI Umbrella Holder","secondary","order mgi umbrella holder","Transactional","","","generated"
"Accessories","Holders and mounts","MGI","MGI Umbrella Holder Extender","primary","buy mgi umbrella holder extender","Transactional","","","generated"
"Accessories","Holders and mounts","MGI","MGI Umbrella Holder Extender","secondary","mgi umbrella holder extender for sale","Transactional","","","generated"
"Accessories","Holders and mounts","MGI","MGI Umbrella Holder Extender","secondary","mgi umbrella holder extender price australia","Transactional","","","generated"
"Accessories","Holders and mounts","MGI","MGI Umbrella Holder Extender","secondary","best price mgi umbrella holder extender","Transactional","","","generated"
"Accessories","Holders and mounts","MGI","MGI Umbrella Holder Extender","secondary","mgi umbrella holder extender online","Transactional","","","generated"
"Accessories","Holders and mounts","MGI","MGI Umbrella Holder Extender","secondary","order mgi umbrella holder extender","Transactional","","","generated"
"Accessories","Holders and mounts","MGI","MGI Telescopic Umbrella","primary","buy mgi telescopic umbrella","Transactional","","","generated"
"Accessories","Holders and mounts","MGI","MGI Telescopic Umbrella","secondary","mgi telescopic umbrella for sale","Transactional","","","generated"
"Accessories","Holders and mounts","MGI","MGI Telescopic Umbrella","secondary","mgi telescopic umbrella price australia","Transactional","","","generated"
"Accessories","Holders and mounts","MGI","MGI Telescopic Umbrella","secondary","best price mgi telescopic umbrella","Transactional","","","generated"
"Accessories","Holders and mounts","MGI","MGI Telescopic Umbrella","secondary","mgi telescopic umbrella online","Transactional","","","generated"
"Accessories","Holders and mounts","MGI","MGI Telescopic Umbrella","secondary","order mgi telescopic umbrella","Transactional","","","generated"
"Accessories","Holders and mounts","MGI","MGI Drink Bottle Holder","primary","golf buggy drink holder","Transactional","70","6","keyword bank (SEMrush)"
"Accessories","Holders and mounts","MGI","MGI Drink Bottle Holder","secondary","golf trolley bottle holder","Commercial","20","","keyword bank (SEMrush)"
"Accessories","Holders and mounts","MGI","MGI Drink Bottle Holder","secondary","golf trolley cup holder","Commercial","20","","keyword bank (SEMrush)"
"Accessories","Holders and mounts","MGI","MGI Drink Bottle Holder","secondary","golf trolley drinks holder","Commercial","20","","keyword bank (SEMrush)"
"Accessories","Holders and mounts","MGI","MGI Drink Bottle Holder","secondary","universal golf trolley drinks holder","Commercial","10","","keyword bank (SEMrush)"
"Accessories","Holders and mounts","MGI","MGI Drink Bottle Holder","secondary","golf trolley wine bottle holder","Commercial","0","","keyword bank (SEMrush)"
"Accessories","Holders and mounts","MGI","MGI Multipurpose Hook","primary","buy mgi multipurpose hook","Transactional","","","generated"
"Accessories","Holders and mounts","MGI","MGI Multipurpose Hook","secondary","mgi multipurpose hook for sale","Transactional","","","generated"
"Accessories","Holders and mounts","MGI","MGI Multipurpose Hook","secondary","mgi multipurpose hook price australia","Transactional","","","generated"
"Accessories","Holders and mounts","MGI","MGI Multipurpose Hook","secondary","best price mgi multipurpose hook","Transactional","","","generated"
"Accessories","Holders and mounts","MGI","MGI Multipurpose Hook","secondary","mgi multipurpose hook online","Transactional","","","generated"
"Accessories","Holders and mounts","MGI","MGI Multipurpose Hook","secondary","order mgi multipurpose hook","Transactional","","","generated"
"Accessories","Holders and mounts","MGI","MGI Scorecard Holder","primary","buy mgi scorecard holder","Transactional","","","generated"
"Accessories","Holders and mounts","MGI","MGI Scorecard Holder","secondary","mgi scorecard holder for sale","Transactional","","","generated"
"Accessories","Holders and mounts","MGI","MGI Scorecard Holder","secondary","mgi scorecard holder price australia","Transactional","","","generated"
"Accessories","Holders and mounts","MGI","MGI Scorecard Holder","secondary","best price mgi scorecard holder","Transactional","","","generated"
"Accessories","Holders and mounts","MGI","MGI Scorecard Holder","secondary","mgi scorecard holder online","Transactional","","","generated"
"Accessories","Holders and mounts","MGI","MGI Scorecard Holder","secondary","order mgi scorecard holder","Transactional","","","generated"
"Accessories","Seats and seat covers","MGI","MGI Seat","primary","single seat golf buggy accessories","Commercial","0","1","keyword bank (SEMrush)"
"Accessories","Seats and seat covers","MGI","MGI Seat","secondary","mgi seat","Transactional","70","7","new export (SEMrush)"
"Accessories","Seats and seat covers","MGI","MGI Seat","secondary","push golf buggy with seat","Commercial","40","","keyword bank (SEMrush)"
"Accessories","Seats and seat covers","MGI","MGI Seat","secondary","electric golf buggy with seat","Commercial","30","","keyword bank (SEMrush)"
"Accessories","Seats and seat covers","MGI","MGI Seat","secondary","single seat golf buggies","Commercial","30","","keyword bank (SEMrush)"
"Accessories","Seats and seat covers","MGI","MGI Seat","secondary","single seat golf buggy for sale","Transactional","20","","keyword bank (SEMrush)"
"Accessories","Weather protection","MGI","MGI Rain Cover","primary","mgi rain cover","Commercial","90","6","new export (SEMrush)"
"Accessories","Weather protection","MGI","MGI Rain Cover","secondary","rain cover for golf buggy top","Commercial","0","","keyword bank (SEMrush)"
"Accessories","Weather protection","MGI","MGI Rain Cover","secondary","buy mgi rain cover","Transactional","","","generated"
"Accessories","Weather protection","MGI","MGI Rain Cover","secondary","mgi rain cover for sale","Transactional","","","generated"
"Accessories","Weather protection","MGI","MGI Rain Cover","secondary","mgi rain cover price australia","Transactional","","","generated"
"Accessories","Weather protection","MGI","MGI Rain Cover","secondary","best price mgi rain cover","Transactional","","","generated"
"Accessories","Wheels and wheel covers","MGI","MGI Wheel Covers","primary","golf trolley hedgehog wheel covers","Commercial","0","","keyword bank (SEMrush)"
"Accessories","Wheels and wheel covers","MGI","MGI Wheel Covers","secondary","golf trolley studded wheel covers","Commercial","0","","keyword bank (SEMrush)"
"Accessories","Wheels and wheel covers","MGI","MGI Wheel Covers","secondary","buy mgi wheel covers","Transactional","","","generated"
"Accessories","Wheels and wheel covers","MGI","MGI Wheel Covers","secondary","mgi wheel covers for sale","Transactional","","","generated"
"Accessories","Wheels and wheel covers","MGI","MGI Wheel Covers","secondary","mgi wheel covers price australia","Transactional","","","generated"
"Accessories","Wheels and wheel covers","MGI","MGI Wheel Covers","secondary","best price mgi wheel covers","Transactional","","","generated"
"Accessories","Wheels and wheel covers","MGI","MGI Rear Wheels","primary","big wheel golf buggy accessories","Commercial","0","1","keyword bank (SEMrush)"
"Accessories","Wheels and wheel covers","MGI","MGI Rear Wheels","secondary","golf trolley wheels","Commercial","30","","keyword bank (SEMrush)"
"Accessories","Wheels and wheel covers","MGI","MGI Rear Wheels","secondary","golf buggy wheels for sale","Transactional","20","","keyword bank (SEMrush)"
"Accessories","Wheels and wheel covers","MGI","MGI Rear Wheels","secondary","golf buggy mag wheels","Commercial","20","","keyword bank (SEMrush)"
"Accessories","Wheels and wheel covers","MGI","MGI Rear Wheels","secondary","mgi wheel replacement","Transactional","20","","new export (SEMrush)"
"Accessories","Wheels and wheel covers","MGI","MGI Rear Wheels","secondary","mgi buggy wheels","Transactional","20","","new export (SEMrush)"
"Accessories","Bags and coolers","MGI","MGI Cooler Bag","primary","mgi zip navigator cooler bag","Transactional","20","","new export (SEMrush)"
"Accessories","Bags and coolers","MGI","MGI Cooler Bag","secondary","buy mgi cooler bag","Transactional","","","generated"
"Accessories","Bags and coolers","MGI","MGI Cooler Bag","secondary","mgi cooler bag for sale","Transactional","","","generated"
"Accessories","Bags and coolers","MGI","MGI Cooler Bag","secondary","mgi cooler bag price australia","Transactional","","","generated"
"Accessories","Bags and coolers","MGI","MGI Cooler Bag","secondary","best price mgi cooler bag","Transactional","","","generated"
"Accessories","Bags and coolers","MGI","MGI Cooler Bag","secondary","mgi cooler bag online","Transactional","","","generated"
"Accessories","Bags and coolers","MGI","MGI Travel Bag","primary","buy mgi travel bag","Transactional","","","generated"
"Accessories","Bags and coolers","MGI","MGI Travel Bag","secondary","mgi travel bag for sale","Transactional","","","generated"
"Accessories","Bags and coolers","MGI","MGI Travel Bag","secondary","mgi travel bag price australia","Transactional","","","generated"
"Accessories","Bags and coolers","MGI","MGI Travel Bag","secondary","best price mgi travel bag","Transactional","","","generated"
"Accessories","Bags and coolers","MGI","MGI Travel Bag","secondary","mgi travel bag online","Transactional","","","generated"
"Accessories","Bags and coolers","MGI","MGI Travel Bag","secondary","order mgi travel bag","Transactional","","","generated"
"Accessories","Bags and coolers","MGI","MGI Accessories Bag","primary","mgi accessories","Commercial","260","15","new export (SEMrush)"
"Accessories","Bags and coolers","MGI","MGI Accessories Bag","secondary","golf trolley accessories","Commercial","20","5","keyword bank (SEMrush)"
"Accessories","Bags and coolers","MGI","MGI Accessories Bag","secondary","golf push buggy accessories","Commercial","0","4","keyword bank (SEMrush)"
"Accessories","Bags and coolers","MGI","MGI Accessories Bag","secondary","mgi golf buggy accessories australia","Transactional","0","4","keyword bank (SEMrush)"
"Accessories","Bags and coolers","MGI","MGI Accessories Bag","secondary","electric golf trolley accessories","Commercial","20","7","keyword bank (SEMrush)"
"Accessories","Bags and coolers","MGI","MGI Accessories Bag","secondary","mgi golf buggy accessories","Transactional","90","12","new export (SEMrush)"
"Accessories","Charging safety","MGI","MGI Fireproof Charging Box","primary","mgi charging box","Commercial","20","","new export (SEMrush)"
"Accessories","Charging safety","MGI","MGI Fireproof Charging Box","secondary","buy mgi fireproof charging box","Transactional","","","generated"
"Accessories","Charging safety","MGI","MGI Fireproof Charging Box","secondary","mgi fireproof charging box for sale","Transactional","","","generated"
"Accessories","Charging safety","MGI","MGI Fireproof Charging Box","secondary","mgi fireproof charging box price australia","Transactional","","","generated"
"Accessories","Charging safety","MGI","MGI Fireproof Charging Box","secondary","best price mgi fireproof charging box","Transactional","","","generated"
"Accessories","Charging safety","MGI","MGI Fireproof Charging Box","secondary","mgi fireproof charging box online","Transactional","","","generated"
"Accessories","Electronics and remote","MGI","MGI Halo Eye","primary","buy mgi halo eye","Transactional","","","generated"
"Accessories","Electronics and remote","MGI","MGI Halo Eye","secondary","mgi halo eye for sale","Transactional","","","generated"
"Accessories","Electronics and remote","MGI","MGI Halo Eye","secondary","mgi halo eye price australia","Transactional","","","generated"
"Accessories","Electronics and remote","MGI","MGI Halo Eye","secondary","best price mgi halo eye","Transactional","","","generated"
"Accessories","Electronics and remote","MGI","MGI Halo Eye","secondary","mgi halo eye online","Transactional","","","generated"
"Accessories","Electronics and remote","MGI","MGI Halo Eye","secondary","order mgi halo eye","Transactional","","","generated"
"Accessories","Seats and seat covers","Clicgear","Clicgear Soft Seat Cover","primary","clicgear seat","Commercial","70","10","new export (SEMrush)"
"Accessories","Seats and seat covers","Clicgear","Clicgear Soft Seat Cover","secondary","clicgear 4.0 seat","Commercial","20","17","new export (SEMrush)"
"Accessories","Seats and seat covers","Clicgear","Clicgear Soft Seat Cover","secondary","golf buggy seat covers australia","Commercial","20","","keyword bank (SEMrush)"
"Accessories","Seats and seat covers","Clicgear","Clicgear Soft Seat Cover","secondary","golf buggy seat cover padded","Commercial","0","","keyword bank (SEMrush)"
"Accessories","Seats and seat covers","Clicgear","Clicgear Soft Seat Cover","secondary","golf buggy seat covers dry","Commercial","0","","keyword bank (SEMrush)"
"Accessories","Seats and seat covers","Clicgear","Clicgear Soft Seat Cover","secondary","buy clicgear soft seat cover","Transactional","","","generated"
"Accessories","Seats and seat covers","Rovic (Clicgear)","Rovic RV1C1S Seat","primary","rovic seat","Commercial","20","6","new export (SEMrush)"
"Accessories","Seats and seat covers","Rovic (Clicgear)","Rovic RV1C1S Seat","secondary","rovic golf buggy seat","Transactional","20","7","new export (SEMrush)"
"Accessories","Seats and seat covers","Rovic (Clicgear)","Rovic RV1C1S Seat","secondary","buy rovic rv1c rv1s seat","Transactional","","","generated"
"Accessories","Seats and seat covers","Rovic (Clicgear)","Rovic RV1C1S Seat","secondary","rovic rv1c rv1s seat for sale","Transactional","","","generated"
"Accessories","Seats and seat covers","Rovic (Clicgear)","Rovic RV1C1S Seat","secondary","rovic rv1c rv1s seat price australia","Transactional","","","generated"
"Accessories","Seats and seat covers","Rovic (Clicgear)","Rovic RV1C1S Seat","secondary","best price rovic rv1c rv1s seat","Transactional","","","generated"