Keyword,Intent,Relevance,Volume,Keyword Difficulty,CPC (USD),SERP Features
lvtong golf carts,Navigational,100,210,5,0.44,"Video, People also ask, Knowledge panel, Related searches"
lvtong,Navigational,98,70,17,0.60,"Reviews, Image pack, People also ask, Local pack"
lvtong golf cart reviews,Commercial,98,50,0,0.00,"AI Overview, Reviews, Video carousel, People also ask, Related searches"
tara golf carts,Navigational,98,50,3,0.49,"Image pack, Video, People also ask, Knowledge panel, Related searches"
top rated golf carts,Commercial,98,50,1,0.76,"AI Overview, Video carousel, People also ask, Discussions and forums, Related searches, Popular products"
lvtong golf car,Transactional,98,40,13,0.44,"Reviews, Image pack, Video carousel, People also ask, Popular products"
4 person golf cart,"Informational, Transactional",98,20,1,0.81,"Image pack, Video, People also ask, Related searches, Popular products"
6 passenger golf cart,"Informational, Transactional",98,20,0,0.00,"Image pack, Video, Video carousel, People also ask, Related searches, Popular products"
6 person golf cart,Transactional,98,20,0,0.00,"Image pack, Video carousel, Discussions and forums, Related searches, Popular products"
best golf carts to buy,Commercial,98,20,17,0.00,"Sitelinks, AI Overview, Video, Video carousel, People also ask, Related searches, Popular products"
best new golf carts,Commercial,98,20,2,0.00,"Video, Video carousel, People also ask, Related searches"
best value golf carts,Commercial,98,20,4,0.47,"Video carousel, People also ask, Related searches, Popular products"
brand new golf cart,Commercial,98,20,0,0.45,"AI Overview, People also ask, Related searches, Popular products"
follow golf cart reviews,Commercial,98,20,21,0.00,"Reviews, Video carousel, People also ask, Discussions and forums, Related searches"
follow me golf cart reviews,Commercial,98,20,21,0.00,"Sitelinks, Reviews, Video, Video carousel, People also ask, Related searches"
four person golf carts,Transactional,98,20,4,0.70,"Image pack, People also ask, Knowledge panel, Related searches, Popular products"
golf cart reviews,,98,20,,0.00,
luxury 6 seater golf cart,,98,20,,0.00,
lvtong buggy,,98,20,,0.00,
lvtong carts,,98,20,,0.00,
lvtong golf buggy,,98,20,,0.43,
lvtong golf cart for sale,,98,20,,0.39,
lvtong golf cart price,,98,20,,0.35,
lvtong price,,98,20,,0.00,
onward golf carts for sale,,98,20,,0.00,
tara golf cart reviews,,98,20,,0.90,
tara golf carts reviews,,98,20,,0.90,
the best golf carts,,98,20,,0.00,
4 person golf carts,,98,10,,0.81,
5 person golf cart,,98,10,,0.00,
6 person street legal golf cart,,98,10,,0.00,
8 person golf carts,,98,10,,0.00,
best 4 person golf cart,,98,10,,0.00,
best luxury golf carts,,98,10,,0.00,
best lvtong golf carts dealer in australia,,98,10,,0.00,
best quality golf carts,,98,10,,0.00,
best rated golf carts,,98,10,,0.00,
brand new golf carts,,98,10,,0.45,
golf carts brand new,,98,10,,0.49,
golf carts reviews,,98,10,,0.00,
lv tong australia golf carts,,98,10,,0.00,
lv tong electric golf carts,,98,10,,0.00,
lv tong utility vehicles,,98,10,,0.00,
lvtong electric golf carts with warranty,,98,10,,0.00,
lvtong golf cart review,,98,10,,0.00,
lvtong golf carts for sale,,98,10,,0.00,
lvtong golf carts with lithium battery upgrade,,98,10,,0.00,
six person golf cart,,98,10,,0.00,
tempo golf cart for sale,,98,10,,0.00,
lvtong cart,,98,0,,0.00,
lvtong electric golf carts,,98,0,,0.00,
lvtong golf cart reviews australia,,98,0,,0.00,
lvtong maintenance free battery,,98,0,,0.00,
lvtong golf cart,"Navigational, Commercial",92,170,10,0.44,"Sitelinks, Reviews, Video, People also ask, Related searches, Popular products"
